stroke_id,index,x,y,t
0,0,-0.1973054520,0.3557814484,0.0000000000
0,1,-0.1978372632,0.3536099871,0.0018796992
0,2,-0.1972758903,0.3556028324,0.0037593985
0,3,-0.1966480810,0.3577516540,0.0056390977
0,4,-0.1959822025,0.3598889049,0.0075187970
0,5,-0.1951648897,0.3619715655,0.0093984962
0,6,-0.1940914050,0.3639338243,0.0112781955
0,7,-0.1929200788,0.3658413570,0.0131578947
0,8,-0.1918489888,0.3678067478,0.0150375940
0,9,-0.1908123599,0.3697909401,0.0169172932
0,10,-0.1896571019,0.3717078579,0.0187969925
0,11,-0.1884119074,0.3735681202,0.0206766917
0,12,-0.1870751437,0.3753629633,0.0225563910
0,13,-0.1855731495,0.3770221808,0.0244360902
0,14,-0.1840056579,0.3786204790,0.0263157895
0,15,-0.1824237043,0.3802045431,0.0281954887
0,16,-0.1808374305,0.3817842788,0.0300751880
0,17,-0.1792259572,0.3833380232,0.0319548872
0,18,-0.1775151223,0.3847801632,0.0338345865
0,19,-0.1756918843,0.3860781620,0.0357142857
0,20,-0.1738345267,0.3873279780,0.0375939850
0,21,-0.1719676699,0.3885635677,0.0394736842
0,22,-0.1700777958,0.3897629041,0.0413533835
0,23,-0.1681161124,0.3908406998,0.0432330827
0,24,-0.1661169396,0.3918482343,0.0451127820
0,25,-0.1641146535,0.3928495800,0.0469924812
0,26,-0.1621106064,0.3938473865,0.0488721805
0,27,-0.1600860374,0.3948020104,0.0507518797
0,28,-0.1580007601,0.3956150509,0.0526315789
0,29,-0.1559354955,0.3964754948,0.0545112782
0,30,-0.1540538984,0.3976814731,0.0563909774
0,31,-0.1523609160,0.3991430143,0.0582706767
0,32,-0.1508142935,0.4007604726,0.0601503759
0,33,-0.1494091773,0.4025018579,0.0620300752
0,34,-0.1480545101,0.4042837982,0.0639097744
0,35,-0.1465671155,0.4059557613,0.0657894737
0,36,-0.1450017449,0.4075561344,0.0676691729
0,37,-0.1434204204,0.4091408255,0.0695488722
0,38,-0.1418346358,0.4107210525,0.0714285714
0,39,-0.1402301401,0.4122822082,0.0733082707
0,40,-0.1385310836,0.4137384863,0.0751879699
0,41,-0.1367373624,0.4150774749,0.0770676692
0,42,-0.1349553188,0.4164324242,0.0789473684
0,43,-0.1331257696,0.4177201573,0.0808270677
0,44,-0.1311756710,0.4188178865,0.0827067669
0,45,-0.1291768623,0.4198261390,0.0845864662
0,46,-0.1271745705,0.4208274734,0.0864661654
0,47,-0.1251704521,0.4218251361,0.0883458647
0,48,-0.1231451080,0.4227780595,0.0902255639
0,49,-0.1210585825,0.4235878105,0.0921052632
0,50,-0.1189740398,0.4244029321,0.0939849624
0,51,-0.1169161221,0.4252838869,0.0958646617
0,52,-0.1148075241,0.4260348644,0.0977443609
0,53,-0.1126853555,0.4267477305,0.0996240602
0,54,-0.1105541930,0.4274331161,0.1015037594
0,55,-0.1083893738,0.4279997832,0.1033834586
0,56,-0.1062219280,0.4285565335,0.1052631579
0,57,-0.1040889883,0.4292364187,0.1071428571
0,58,-0.1019466434,0.4298837467,0.1090225564
0,59,-0.0997447235,0.4302784908,0.1109022556
0,60,-0.0975480895,0.4307010545,0.1127819549
0,61,-0.0953712919,0.4312199187,0.1146616541
0,62,-0.0931568144,0.4315471629,0.1165413534
0,63,-0.0909829639,0.4320798148,0.1184210526
0,64,-0.0887824094,0.4324832479,0.1203007519
0,65,-0.0865810900,0.4328825140,0.1221804511
0,66,-0.0844054047,0.4334069583,0.1240601504
0,67,-0.0821772347,0.4336000521,0.1259398496
0,68,-0.0799456523,0.4337626794,0.1278195489
0,69,-0.0777649517,0.4342617085,0.1296992481
0,70,-0.0755634341,0.4346491009,0.1315789474
0,71,-0.0733268524,0.4347214652,0.1334586466
0,72,-0.0710881450,0.4347244616,0.1353383459
0,73,-0.0688494304,0.4347244823,0.1372180451
0,74,-0.0666107158,0.4347244823,0.1390977444
0,75,-0.0643720012,0.4347244823,0.1409774436
0,76,-0.0621332865,0.4347244823,0.1428571429
0,77,-0.0598945719,0.4347244823,0.1447368421
0,78,-0.0576558573,0.4347244823,0.1466165414
0,79,-0.0554171426,0.4347245624,0.1484962406
0,80,-0.0531784629,0.4347336761,0.1503759398
0,81,-0.0509513955,0.4349228537,0.1522556391
0,82,-0.0489242528,0.4358213507,0.1541353383
0,83,-0.0472851782,0.4373313521,0.1560150376
0,84,-0.0459127870,0.4390991420,0.1578947368
0,85,-0.0444983234,0.4408331236,0.1597744361
0,86,-0.0429678661,0.4424664472,0.1616541353
0,87,-0.0413888681,0.4440534247,0.1635338346
0,88,-0.0397879778,0.4456182608,0.1654135338
0,89,-0.0381084693,0.4470968616,0.1672932331
0,90,-0.0363042896,0.4484209633,0.1691729323
0,91,-0.0344376158,0.4496565648,0.1710526316
0,92,-0.0325069430,0.4507880880,0.1729323308
0,93,-0.0304993232,0.4517774970,0.1748120301
0,94,-0.0284142079,0.4525903874,0.1766917293
0,95,-0.0262939465,0.4533089110,0.1785714286
0,96,-0.0241668766,0.4540070039,0.1804511278
0,97,-0.0220123606,0.4546099817,0.1823308271
0,98,-0.0198026934,0.4549631814,0.1842105263
0,99,-0.0176183953,0.4554458317,0.1860902256
0,100,-0.0154243557,0.4558731109,0.1879699248
0,101,-0.0131893383,0.4559722990,0.1898496241
0,102,-0.0109506386,0.4559772875,0.1917293233
0,103,-0.0087119240,0.4559773318,0.1936090226
0,104,-0.0064732097,0.4559780746,0.1954887218
0,105,-0.0042349576,0.4560103731,0.1973684211
0,106,-0.0020227260,0.4563098791,0.1992481203
0,107,0.0000738418,0.4570809466,0.2011278195
0,108,0.0020892981,0.4580551649,0.2030075188
0,109,0.0040954526,0.4590487249,0.2048872180
0,110,0.0061387691,0.4599621846,0.2067669173
0,111,0.0082468599,0.4607144434,0.2086466165
0,112,0.0103688225,0.4614279304,0.2105263158
0,113,0.0124929344,0.4621350029,0.2124060150
0,114,0.0146185121,0.4628376104,0.2142857143
0,115,0.0167649818,0.4634694388,0.2161654135
0,116,0.0189787705,0.4637698242,0.2180451128
0,117,0.0212169559,0.4638025218,0.2199248120
0,118,0.0234528046,0.4637185947,0.2218045113
0,119,0.0256461985,0.4632941694,0.2236842105
0,120,0.0277766191,0.4626072116,0.2255639098
0,121,0.0298583342,0.4617859908,0.2274436090
0,122,0.0318588009,0.4607820509,0.2293233083
0,123,0.0337489836,0.4595861101,0.2312030075
0,124,0.0355363370,0.4582386253,0.2330827068
0,125,0.0373364136,0.4569077321,0.2349624060
0,126,0.0390880483,0.4555153003,0.2368421053
0,127,0.0407283525,0.4539923752,0.2387218045
0,128,0.0423219074,0.4524200242,0.2406015038
0,129,0.0439210827,0.4508534227,0.2424812030
0,130,0.0455820428,0.4493534027,0.2443609023
0,131,0.0473606110,0.4479943011,0.2462406015
0,132,0.0491138341,0.4466036601,0.2481203008
0,133,0.0507560375,0.4450827676,0.2500000000
0,134,0.0523578659,0.4435188562,0.2518796992
0,135,0.0540168766,0.4420172621,0.2537593985
0,136,0.0558923956,0.4408131903,0.2556390977
0,137,0.0580162075,0.4401181376,0.2575187970
0,138,0.0602034806,0.4396438261,0.2593984962
0,139,0.0624211457,0.4393508762,0.2612781955
0,140,0.0646514634,0.4394200467,0.2631578947
0,141,0.0668154647,0.4399854371,0.2650375940
0,142,0.0689462820,0.4406720670,0.2669172932
0,143,0.0711095258,0.4412420768,0.2687969925
0,144,0.0733385769,0.4414225530,0.2706766917
0,145,0.0755771936,0.4414357074,0.2725563910
0,146,0.0778159082,0.4414359084,0.2744360902
0,147,0.0800546228,0.4414358171,0.2763157895
0,148,0.0822933073,0.4414268730,0.2781954887
0,149,0.0845252086,0.4412743314,0.2800751880
0,150,0.0867027368,0.4407615290,0.2819548872
0,151,0.0888802030,0.4402427784,0.2838345865
0,152,0.0910490458,0.4396889651,0.2857142857
0,153,0.0932471773,0.4392844834,0.2875939850
0,154,0.0954832675,0.4392097644,0.2894736842
0,155,0.0977166093,0.4393349747,0.2913533835
0,156,0.0999026519,0.4398053098,0.2932330827
0,157,0.1020988669,0.4402211274,0.2951127820
0,158,0.1043343189,0.4403128645,0.2969924812
0,159,0.1065730206,0.4403172997,0.2988721805
0,160,0.1088117353,0.4403172752,0.3007518797
0,161,0.1110504291,0.4403107766,0.3026315789
0,162,0.1132842608,0.4401912554,0.3045112782
0,163,0.1154728708,0.4397346711,0.3063909774
0,164,0.1176664272,0.4393043628,0.3082706767
0,165,0.1199003823,0.4391725929,0.3101503759
0,166,0.1221186247,0.4389019549,0.3120300752
0,167,0.1242883765,0.4383529834,0.3139097744
0,168,0.1264681296,0.4378436083,0.3157894737
0,169,0.1286313180,0.4372679338,0.3176691729
0,170,0.1308101560,0.4367547897,0.3195488722
0,171,0.1329578887,0.4361257836,0.3214285714
0,172,0.1350707320,0.4353867412,0.3233082707
0,173,0.1371293950,0.4345075360,0.3251879699
0,174,0.1392118545,0.4336872215,0.3270676692
0,175,0.1412997008,0.4328808693,0.3289473684
0,176,0.1433184021,0.4319149359,0.3308270677
0,177,0.1452716554,0.4308219424,0.3327067669
0,178,0.1472280115,0.4297354428,0.3345864662
0,179,0.1493655067,0.4290851509,0.3364661654
0,180,0.1515632775,0.4286606518,0.3383458647
0,181,0.1537766801,0.4283288606,0.3402255639
0,182,0.1560045567,0.4281164001,0.3421052632
0,183,0.1582406658,0.4280150009,0.3439849624
0,184,0.1604729692,0.4278635405,0.3458646617
0,185,0.1626556425,0.4273754624,0.3477443609
0,186,0.1648495818,0.4269397273,0.3496240602
0,187,0.1670532266,0.4265542329,0.3515037594
0,188,0.1691980906,0.4259161843,0.3533834586
0,189,0.1713235402,0.4252131889,0.3552631579
0,190,0.1734477082,0.4245062841,0.3571428571
0,191,0.1755696184,0.4237926401,0.3590225564
0,192,0.1776770039,0.4230385145,0.3609022556
0,193,0.1797196802,0.4221236410,0.3627819549
0,194,0.1817253038,0.4211290096,0.3646616541
0,195,0.1837277657,0.4201280155,0.3665413534
0,196,0.1857283318,0.4191232504,0.3684210526
0,197,0.1877039200,0.4180712513,0.3703007519
0,198,0.1895703888,0.4168377529,0.3721804511
0,199,0.1913545230,0.4154857750,0.3740601504
0,200,0.1931877901,0.4142017587,0.3759398496
0,201,0.1951284749,0.4130902076,0.3778195489
0,202,0.1972317974,0.4123380942,0.3796992481
0,203,0.1994083600,0.4118142625,0.3815789474
0,204,0.2015775519,0.4112629062,0.3834586466
0,205,0.2037049210,0.4105702966,0.3853383459
0,206,0.2057767139,0.4097232151,0.3872180451
0,207,0.2078673848,0.4089237219,0.3890977444
0,208,0.2099465662,0.4080956316,0.3909774436
0,209,0.2119499221,0.4070972546,0.3928571429
0,210,0.2138745802,0.4059553184,0.3947368421
0,211,0.2157463619,0.4047273002,0.3966165414
0,212,0.2176098511,0.4034866536,0.3984962406
0,213,0.2194610308,0.4022277442,0.4003759398
0,214,0.2212683495,0.4009071772,0.4022556391
0,215,0.2230631770,0.3995697517,0.4041353383
0,216,0.2249684375,0.3983965036,0.4060150376
0,217,0.2269021382,0.3972687001,0.4078947368
0,218,0.2288259254,0.3961244619,0.4097744361
0,219,0.2308758314,0.3952327926,0.4116541353
0,220,0.2330132562,0.3945681180,0.4135338346
0,221,0.2351629672,0.3939436131,0.4154135338
0,222,0.2372790669,0.3932167809,0.4172932331
0,223,0.2393011287,0.3922618781,0.4191729323
0,224,0.2412124653,0.3910976692,0.4210526316
0,225,0.2430634494,0.3898385955,0.4229323308
0,226,0.2448306164,0.3884664724,0.4248120301
0,227,0.2464739852,0.3869468726,0.4266917293
0,228,0.2480673196,0.3853743160,0.4285714286
0,229,0.2496480744,0.3837890586,0.4304511278
0,230,0.2512094187,0.3821847477,0.4323308271
0,231,0.2526669100,0.3804867480,0.4342105263
0,232,0.2540061850,0.3786932468,0.4360902256
0,233,0.2553609447,0.3769110587,0.4379699248
0,234,0.2566501371,0.3750825141,0.4398496241
0,235,0.2577489474,0.3731330181,0.4417293233
0,236,0.2587572741,0.3711342468,0.4436090226
0,237,0.2597586212,0.3691319614,0.4454887218
0,238,0.2607563938,0.3671278974,0.4473684211
0,239,0.2617129692,0.3651041779,0.4492481203
0,240,0.2625762440,0.3630389235,0.4511278195
0,241,0.2637054865,0.3611135751,0.4530075188
0,242,0.2653003662,0.3595544310,0.4548872180
0,243,0.2671903376,0.3583659559,0.4567669173
0,244,0.2692606579,0.3575177656,0.4586466165
0,245,0.2713430443,0.3566974199,0.4605263158
0,246,0.2733628613,0.3557323801,0.4624060150
0,247,0.2753661850,0.3547331211,0.4642857143
0,248,0.2773596927,0.3537146402,0.4661654135
0,249,0.2792892150,0.3525818025,0.4680451128
0,250,0.2810357106,0.3511839560,0.4699248120
0,251,0.2826653524,0.3496496291,0.4718045113
0,252,0.2842527149,0.3480709869,0.4736842105
0,253,0.2858360755,0.3464883270,0.4755639098
0,254,0.2874188701,0.3449051012,0.4774436090
0,255,0.2889984260,0.3433186483,0.4793233083
0,256,0.2905498990,0.3417050366,0.4812030075
0,257,0.2919932341,0.3399950458,0.4830827068
0,258,0.2933424936,0.3382090178,0.4849624060
0,259,0.2948044856,0.3365157120,0.4868421053
0,260,0.2964740448,0.3350287654,0.4887218045
0,261,0.2983357678,0.3337901601,0.4906015038
0,262,0.3003191714,0.3327522357,0.4924812030
0,263,0.3023204413,0.3317488673,0.4943609023
0,264,0.3043211324,0.3307443482,0.4962406015
0,265,0.3063013710,0.3297007116,0.4981203008
0,266,0.3082109462,0.3285332019,0.5000000000
0,267,0.3100790481,0.3272995244,0.5018796992
0,268,0.3119401946,0.3260553714,0.5037593985
0,269,0.3137845849,0.3247865905,0.5056390977
0,270,0.3155271155,0.3233834591,0.5075187970
0,271,0.3171419827,0.3218340903,0.5093984962
0,272,0.3186121176,0.3201473857,0.5112781955
0,273,0.3199532167,0.3183552891,0.5131578947
0,274,0.3213070121,0.3165723664,0.5150375940
0,275,0.3226036252,0.3147489300,0.5169172932
0,276,0.3237078048,0.3128024303,0.5187969925
0,277,0.3247110270,0.3108011143,0.5206766917
0,278,0.3256399796,0.3087648625,0.5225563910
0,279,0.3264105499,0.3066636895,0.5244360902
0,280,0.3271251244,0.3045420914,0.5263157895
0,281,0.3278151464,0.3024124117,0.5281954887
0,282,0.3284025469,0.3002530921,0.5300751880
0,283,0.3289235168,0.2980761493,0.5319548872
0,284,0.3294348243,0.2958982903,0.5338345865
0,285,0.3296609304,0.2936716001,0.5357142857
0,286,0.3302509178,0.2915239598,0.5375939850
0,287,0.3315707919,0.2897235828,0.5394736842
0,288,0.3331902473,0.2881827283,0.5413533835
0,289,0.3349878319,0.2868498554,0.5432330827
0,290,0.3368390920,0.2855910540,0.5451127820
0,291,0.3386748693,0.2843102804,0.5469924812
0,292,0.3403964141,0.2828811676,0.5488721805
0,293,0.3419895548,0.2813097896,0.5507518797
0,294,0.3434334002,0.2796005736,0.5526315789
0,295,0.3447268018,0.2777741081,0.5545112782
0,296,0.3459502848,0.2758994301,0.5563909774
0,297,0.3470376215,0.2739431566,0.5582706767
0,298,0.3479619422,0.2719058760,0.5601503759
0,299,0.3485954334,0.2697619309,0.5620300752
0,300,0.3491357051,0.2675896619,0.5639097744
0,301,0.3495993916,0.2654027616,0.5657894737
0,302,0.3497436105,0.2631697658,0.5676691729
0,303,0.3499827147,0.2609474577,0.5695488722
0,304,0.3505054979,0.2587713589,0.5714285714
0,305,0.3508054784,0.2565570317,0.5733082707
0,306,0.3508432376,0.2543188702,0.5751879699
0,307,0.3508441629,0.2520801560,0.5770676692
0,308,0.3508441629,0.2498414413,0.5789473684
0,309,0.3508445921,0.2476027269,0.5808270677
0,310,0.3508659215,0.2453642661,0.5827067669
0,311,0.3511027485,0.2431431386,0.5845864662
0,312,0.3518196567,0.2410274569,0.5864661654
0,313,0.3527862806,0.2390083558,0.5883458647
0,314,0.3537862713,0.2370053934,0.5902255639
0,315,0.3547874321,0.2350030147,0.5921052632
0,316,0.3557885848,0.2330006320,0.5939849624
0,317,0.3567880869,0.2309974270,0.5958646617
0,318,0.3577593296,0.2289804734,0.5977443609
0,319,0.3585820705,0.2268993660,0.5996240602
0,320,0.3592770163,0.2247714574,0.6015037594
0,321,0.3598257462,0.2226019344,0.6033834586
0,322,0.3603704000,0.2204308285,0.6052631579
0,323,0.3608047522,0.2182383745,0.6071428571
0,324,0.3609061098,0.2160034859,0.6090225564
0,325,0.3609112560,0.2137647868,0.6109022556
0,326,0.3609113022,0.2115260722,0.6127819549
0,327,0.3609113022,0.2092873576,0.6146616541
0,328,0.3609113022,0.2070486429,0.6165413534
0,329,0.3609113022,0.2048099283,0.6184210526
0,330,0.3609113022,0.2025712137,0.6203007519
0,331,0.3609113022,0.2003324990,0.6221804511
0,332,0.3609113022,0.1980937844,0.6240601504
0,333,0.3609113022,0.1958550698,0.6259398496
0,334,0.3609113022,0.1936163552,0.6278195489
0,335,0.3609113022,0.1913776405,0.6296992481
0,336,0.3609113022,0.1891389259,0.6315789474
0,337,0.3609113022,0.1869002113,0.6334586466
0,338,0.3609113022,0.1846614966,0.6353383459
0,339,0.3609113022,0.1824227820,0.6372180451
0,340,0.3609113022,0.1801840674,0.6390977444
0,341,0.3609113580,0.1779453528,0.6409774436
0,342,0.3609173226,0.1757066568,0.6428571429
0,343,0.3610296537,0.1734724059,0.6447368421
0,344,0.3614757363,0.1712818406,0.6466165414
0,345,0.3619210510,0.1690908676,0.6484962406
0,346,0.3621313868,0.1668626146,0.6503759398
0,347,0.3625723011,0.1646710942,0.6522556391
0,348,0.3631167132,0.1624999302,0.6541353383
0,349,0.3636655187,0.1603304134,0.6560150376
0,350,0.3643446976,0.1581972525,0.6578947368
0,351,0.3650109950,0.1560602436,0.6597744361
0,352,0.3655296716,0.1538827743,0.6616541353
0,353,0.3661412718,0.1517299205,0.6635338346
0,354,0.3668370694,0.1496020873,0.6654135338
0,355,0.3675466407,0.1474788144,0.6672932331
0,356,0.3682280276,0.1453463727,0.6691729323
0,357,0.3687758707,0.1431766002,0.6710526316
0,358,0.3693265797,0.1410071312,0.6729323308
0,359,0.3698658639,0.1388348210,0.6748120301
0,360,0.3704042041,0.1366621859,0.6766917293
0,361,0.3708840988,0.1344776141,0.6785714286
0,362,0.3712385435,0.1322681038,0.6804511278
0,363,0.3717672980,0.1300933532,0.6823308271
0,364,0.3720598845,0.1278781183,0.6842105263
0,365,0.3720961636,0.1256399288,0.6860902256
0,366,0.3721010013,0.1234012257,0.6879699248
0,367,0.3721862661,0.1211653947,0.6898496241
0,368,0.3725892005,0.1189665814,0.6917293233
0,369,0.3729932568,0.1167714428,0.6936090226
0,370,0.3727294951,0.1145584732,0.6954887218
0,371,0.3722471761,0.1123741734,0.6973684211
0,372,0.3721052621,0.1101416436,0.6992481203
0,373,0.3720970945,0.1079029562,0.7011278195
0,374,0.3720970124,0.1056642415,0.7030075188
0,375,0.3720970124,0.1034255269,0.7048872180
0,376,0.3720970124,0.1011868123,0.7067669173
0,377,0.3720970124,0.0989480976,0.7086466165
0,378,0.3720967002,0.0967093831,0.7105263158
0,379,0.3720797756,0.0944708360,0.7124060150
0,380,0.3718825433,0.0922438165,0.7142857143
0,381,0.3713598216,0.0900677046,0.7161654135
0,382,0.3710245025,0.0878577428,0.7180451128
0,383,0.3709795677,0.0856197138,0.7199248120
0,384,0.3709763393,0.0833810038,0.7218045113
0,385,0.3709161493,0.0811437120,0.7236842105
0,386,0.3705466199,0.0789388621,0.7255639098
0,387,0.3700298494,0.0767614805,0.7274436090
0,388,0.3698592557,0.0745305107,0.7293233083
0,389,0.3696860220,0.0722998091,0.7312030075
0,390,0.3691658656,0.0701230809,0.7330827068
0,391,0.3688005234,0.0679174498,0.7349624060
0,392,0.3687431871,0.0656799917,0.7368421053
0,393,0.3687413992,0.0634412800,0.7387218045
0,394,0.3687504334,0.0612025960,0.7406015038
0,395,0.3689041054,0.0589707513,0.7424812030
0,396,0.3694029013,0.0567894640,0.7443609023
0,397,0.3696375438,0.0545727934,0.7462406015
0,398,0.3692043681,0.0523813558,0.7481203008
0,399,0.3688169241,0.0501796482,0.7500000000
0,400,0.3687032361,0.0479443019,0.7518796992
0,401,0.3683873351,0.0457318498,0.7537593985
0,402,0.3678287127,0.0435643492,0.7556390977
0,403,0.3672873596,0.0413927798,0.7575187970
0,404,0.3664955917,0.0393011305,0.7593984962
0,405,0.3656477411,0.0372296608,0.7612781955
0,406,0.3648674581,0.0351315522,0.7631578947
0,407,0.3639858379,0.0330739092,0.7650375940
0,408,0.3631814057,0.0309853740,0.7669172932
0,409,0.3624938629,0.0288549858,0.7687969925
0,410,0.3619594356,0.0266816778,0.7706766917
0,411,0.3614061889,0.0245126898,0.7725563910
0,412,0.3609979969,0.0223151975,0.7744360902
0,413,0.3608776130,0.0200803678,0.7763157895
0,414,0.3605791349,0.0178656309,0.7781954887
0,415,0.3600502654,0.0156909051,0.7800751880
0,416,0.3596959678,0.0134813418,0.7819548872
0,417,0.3591908273,0.0113034451,0.7838345865
0,418,0.3584884619,0.0091781093,0.7857142857
0,419,0.3576415341,0.0071070169,0.7875939850
0,420,0.3566637880,0.0050932240,0.7894736842
0,421,0.3556353222,0.0031048415,0.7913533835
0,422,0.3544882124,0.0011831438,0.7932330827
0,423,0.3532598452,-0.0006884142,0.7951127820
0,424,0.3520249976,-0.0025557630,0.7969924812
0,425,0.3508471125,-0.0044589570,0.7988721805
0,426,0.3497913632,-0.0064326027,0.8007518797
0,427,0.3487971260,-0.0084383470,0.8026315789
0,428,0.3478932578,-0.0104858728,0.8045112782
0,429,0.3471547944,-0.0125991640,0.8063909774
0,430,0.3464434716,-0.0147218474,0.8082706767
0,431,0.3457688050,-0.0168563653,0.8101503759
0,432,0.3453418232,-0.0190492640,0.8120300752
0,433,0.3452552826,-0.0212850054,0.8139097744
0,434,0.3452443726,-0.0235236846,0.8157894737
0,435,0.3451202625,-0.0257572865,0.8176691729
0,436,0.3446880016,-0.0279520483,0.8195488722
0,437,0.3445486480,-0.0301703388,0.8214285714
0,438,0.3449829288,-0.0323640879,0.8233082707
0,439,0.3452300040,-0.0345856374,0.8251879699
0,440,0.3453697954,-0.0368189560,0.8270676692
0,441,0.3458441097,-0.0390022251,0.8289473684
0,442,0.3465250486,-0.0411347616,0.8308270677
0,443,0.3472349557,-0.0432579228,0.8327067669
0,444,0.3479398465,-0.0453827643,0.8345864662
0,445,0.3486469113,-0.0475068681,0.8364661654
0,446,0.3493112946,-0.0496445075,0.8383458647
0,447,0.3496641396,-0.0518515129,0.8402255639
0,448,0.3494927605,-0.0540783746,0.8421052632
0,449,0.3485240081,-0.0560815152,0.8439849624
0,450,0.3470294059,-0.0577385788,0.8458646617
0,451,0.3452293084,-0.0590580320,0.8477443609
0,452,0.3431113281,-0.0597695265,0.8496240602
0,453,0.3409475791,-0.0603437502,0.8515037594
0,454,0.3387459750,-0.0607299203,0.8533834586
0,455,0.3365092526,-0.0608007022,0.8552631579
0,456,0.3342711844,-0.0608451571,0.8571428571
0,457,0.3320606998,-0.0611715423,0.8590225564
0,458,0.3299178522,-0.0618167224,0.8609022556
0,459,0.3277931003,-0.0625218135,0.8627819549
0,460,0.3256761560,-0.0632498247,0.8646616541
0,461,0.3236079762,-0.0641038552,0.8665413534
0,462,0.3215952131,-0.0650837051,0.8684210526
0,463,0.3196111157,-0.0661202837,0.8703007519
0,464,0.3177450653,-0.0673525444,0.8721804511
0,465,0.3160431540,-0.0688044089,0.8740601504
0,466,0.3144395894,-0.0703665091,0.8759398496
0,467,0.3128540758,-0.0719470083,0.8778195489
0,468,0.3112707268,-0.0735296797,0.8796992481
0,469,0.3096839787,-0.0751089391,0.8815789474
0,470,0.3080654878,-0.0766552156,0.8834586466
0,471,0.3063468369,-0.0780879732,0.8853383459
0,472,0.3045164269,-0.0793761272,0.8872180451
0,473,0.3026631180,-0.0806319421,0.8890977444
0,474,0.3008408341,-0.0819317933,0.8909774436
0,475,0.2990654367,-0.0832953501,0.8928571429
0,476,0.2972635452,-0.0846237773,0.8947368421
0,477,0.2955271105,-0.0860350854,0.8966165414
0,478,0.2938939143,-0.0875656595,0.8984962406
0,479,0.2923160728,-0.0891536879,0.9003759398
0,480,0.2907978238,-0.0907982947,0.9022556391
0,481,0.2894312951,-0.0925698738,0.9041353383
0,482,0.2881740242,-0.0944220633,0.9060150376
0,483,0.2870028449,-0.0963293786,0.9078947368
0,484,0.2859552676,-0.0983074760,0.9097744361
0,485,0.2849504144,-0.1003079988,0.9116541353
0,486,0.2839491726,-0.1023103369,0.9135338346
0,487,0.2829479888,-0.1043127041,0.9154135338
0,488,0.2819461512,-0.1063147441,0.9172932331
0,489,0.2809264677,-0.1083076615,0.9191729323
0,490,0.2798150297,-0.1102501644,0.9210526316
0,491,0.2785928493,-0.1121257440,0.9229323308
0,492,0.2773548851,-0.1139910200,0.9248120301
0,493,0.2761111925,-0.1158524867,0.9266917293
0,494,0.2748699708,-0.1177155951,0.9285714286
0,495,0.2736111506,-0.1195668353,0.9304511278
0,496,0.2722895301,-0.1213733400,0.9323308271
0,497,0.2709275523,-0.1231499747,0.9342105263
0,498,0.2695948736,-0.1249485412,0.9360902256
0,499,0.2681732684,-0.1266772234,0.9379699248
0,500,0.2667403939,-0.1283967124,0.9398496241
0,501,0.2654033187,-0.1301919176,0.9417293233
0,502,0.2640455216,-0.1319717465,0.9436090226
0,503,0.2626972162,-0.1337587320,0.9454887218
0,504,0.2613511565,-0.1355471762,0.9473684211
0,505,0.2599056976,-0.1372563990,0.9492481203
0,506,0.2584966768,-0.1389953474,0.9511278195
0,507,0.2571689053,-0.1407976656,0.9530075188
0,508,0.2558043299,-0.1425723019,0.9548872180
0,509,0.2544967904,-0.1443890751,0.9567669173
0,510,0.2532420582,-0.1462430956,0.9586466165
0,511,0.2520021028,-0.1481070476,0.9605263158
0,512,0.2507529066,-0.1499648241,0.9624060150
0,513,0.2494706567,-0.1517996153,0.9642857143
0,514,0.2481157004,-0.1535816058,0.9661654135
0,515,0.2468561939,-0.1554308182,0.9680451128
0,516,0.2457311587,-0.1573659999,0.9699248120
0,517,0.2445575207,-0.1592720559,0.9718045113
0,518,0.2433869451,-0.1611799698,0.9736842105
0,519,0.2422775603,-0.1631243374,0.9755639098
0,520,0.2410990600,-0.1650274214,0.9774436090
0,521,0.2399397142,-0.1669420688,0.9793233083
0,522,0.2389006382,-0.1689247870,0.9812030075
0,523,0.2378965582,-0.1709256990,0.9830827068
0,524,0.2368953270,-0.1729280424,0.9849624060
0,525,0.2358941396,-0.1749304078,0.9868421053
0,526,0.2348929586,-0.1769327763,0.9887218045
0,527,0.2338917788,-0.1789351454,0.9906015038
0,528,0.2328902055,-0.1809373177,0.9924812030
0,529,0.2318827142,-0.1829365141,0.9943609023
0,530,0.2308386478,-0.1849166912,0.9962406015
0,531,0.2297106799,-0.1868497365,0.9981203008
0,532,0.2284440599,-0.1886941711,1.0000000000
1,0,0.2412242021,-0.1184935661,0.0000000000
1,1,0.2412234727,-0.1207327920,0.0024875622
1,2,0.2411911638,-0.1229715660,0.0049751244
1,3,0.2409172799,-0.1251895778,0.0074626866
1,4,0.2403666757,-0.1273594762,0.0099502488
1,5,0.2398571309,-0.1295397143,0.0124378109
1,6,0.2392813644,-0.1317034071,0.0149253731
1,7,0.2387711856,-0.1338834901,0.0174129353
1,8,0.2381953940,-0.1360471766,0.0199004975
1,9,0.2376826510,-0.1382266442,0.0223880597
1,10,0.2370611908,-0.1403771742,0.0248756219
1,11,0.2363727369,-0.1425079365,0.0273631841
1,12,0.2357633638,-0.1446619543,0.0298507463
1,13,0.2352445599,-0.1468399193,0.0323383085
1,14,0.2345752037,-0.1489765745,0.0348258706
1,15,0.2338964693,-0.1511104127,0.0373134328
1,16,0.2333515524,-0.1532814883,0.0398009950
1,17,0.2327985973,-0.1554509224,0.0422885572
1,18,0.2322606692,-0.1576241171,0.0447761194
1,19,0.2316940027,-0.1597894469,0.0472636816
1,20,0.2310120424,-0.1619222642,0.0497512438
1,21,0.2303585882,-0.1640635258,0.0522388060
1,22,0.2298426563,-0.1662421856,0.0547263682
1,23,0.2292668206,-0.1684058611,0.0572139303
1,24,0.2287566418,-0.1705859440,0.0597014925
1,25,0.2281808753,-0.1727496369,0.0621890547
1,26,0.2276708224,-0.1749297483,0.0646766169
1,27,0.2271046882,-0.1770960708,0.0671641791
1,28,0.2267123896,-0.1792985615,0.0696517413
1,29,0.2264582783,-0.1815232212,0.0721393035
1,30,0.2261747723,-0.1837444265,0.0746268657
1,31,0.2258996212,-0.1859665988,0.0771144279
1,32,0.2256580117,-0.1881927473,0.0796019900
1,33,0.2254239441,-0.1904196141,0.0820895522
1,34,0.2250850966,-0.1926324855,0.0845771144
1,35,0.2246429747,-0.1948276269,0.0870646766
1,36,0.2243157101,-0.1970425625,0.0895522388
1,37,0.2238121057,-0.1992230195,0.0920398010
1,38,0.2233743564,-0.2014170430,0.0945273632
1,39,0.2229956311,-0.2036226100,0.0970149254
1,40,0.2224369203,-0.2057906208,0.0995024876
1,41,0.2219272127,-0.2079708184,0.1019900498
1,42,0.2213514463,-0.2101345112,0.1044776119
1,43,0.2208412675,-0.2123145941,0.1069651741
1,44,0.2202655010,-0.2144782869,0.1094527363
1,45,0.2197557794,-0.2166584810,0.1119402985
1,46,0.2191990901,-0.2188269712,0.1144278607
1,47,0.2188925875,-0.2210409381,0.1169154229
1,48,0.2188503294,-0.2232795683,0.1194029851
1,49,0.2187717271,-0.2255163435,0.1218905473
1,50,0.2183764611,-0.2277169114,0.1243781095
1,51,0.2178854341,-0.2298996153,0.1268656716
1,52,0.2177422308,-0.2321325897,0.1293532338
1,53,0.2177176838,-0.2343716157,0.1318407960
1,54,0.2175232685,-0.2365995041,0.1343283582
1,55,0.2170004401,-0.2387761164,0.1368159204
1,56,0.2166622728,-0.2409862401,0.1393034826
1,57,0.2166167915,-0.2432247705,0.1417910448
1,58,0.2166156394,-0.2454639962,0.1442786070
1,59,0.2166156394,-0.2477032226,0.1467661692
1,60,0.2166156304,-0.2499424489,0.1492537313
1,61,0.2166136029,-0.2521816717,0.1517412935
1,62,0.2165542301,-0.2544195230,0.1542288557
1,63,0.2161857740,-0.2566250922,0.1567164179
1,64,0.2156679371,-0.2588027948,0.1592039801
1,65,0.2155067557,-0.2610347087,0.1616915423
1,66,0.2154971673,-0.2632739024,0.1641791045
1,67,0.2154971807,-0.2655131287,0.1666666667
1,68,0.2155073273,-0.2677523130,0.1691542289
1,69,0.2156712367,-0.2699839625,0.1716417910
1,70,0.2161914825,-0.2721611928,0.1741293532
1,71,0.2165566441,-0.2743673766,0.1766169154
1,72,0.2166137716,-0.2766053589,0.1791044776
1,73,0.2166156324,-0.2788445823,0.1815920398
1,74,0.2166156394,-0.2810838086,0.1840796020
1,75,0.2166157325,-0.2833230349,0.1865671642
1,76,0.2166248327,-0.2855622305,0.1890547264
1,77,0.2167794408,-0.2877945278,0.1915422886
1,78,0.2172876328,-0.2899740296,0.1940298507
1,79,0.2176657338,-0.2921777996,0.1965174129
1,80,0.2177316799,-0.2944152676,0.1990049751
1,81,0.2177352743,-0.2966544877,0.2014925373
1,82,0.2177782800,-0.2988930642,0.2039800995
1,83,0.2181041651,-0.3011047051,0.2064676617
1,84,0.2186270675,-0.3032813016,0.2089552239
1,85,0.2188413495,-0.3055072867,0.2114427861
1,86,0.2189955677,-0.3077400286,0.2139303483
1,87,0.2194759513,-0.3099247363,0.2164179104
1,88,0.2198830996,-0.3121231444,0.2189054726
1,89,0.2200044334,-0.3143584150,0.2213930348
1,90,0.2203006517,-0.3165739594,0.2238805970
1,91,0.2208242725,-0.3187503977,0.2263681592
1,92,0.2210971254,-0.3209702886,0.2288557214
1,93,0.2213976061,-0.3231862446,0.2313432836
1,94,0.2219263158,-0.3253615253,0.2338308458
1,95,0.2222881125,-0.3275702101,0.2363184080
1,96,0.2227517235,-0.3297589078,0.2388059701
1,97,0.2232296069,-0.3319446662,0.2412935323
1,98,0.2235825623,-0.3341549650,0.2437810945
1,99,0.2241153245,-0.3363293152,0.2462686567
1,100,0.2244931854,-0.3385350637,0.2487562189
1,101,0.2249339112,-0.3407283503,0.2512437811
1,102,0.2254889228,-0.3428974023,0.2537313433
1,103,0.2260078801,-0.3450753400,0.2562189055
1,104,0.2265338010,-0.3472508062,0.2587064677
1,105,0.2268613873,-0.3494657456,0.2611940299
1,106,0.2274022094,-0.3516379652,0.2636815920
1,107,0.2279127894,-0.3538179676,0.2661691542
1,108,0.2284835035,-0.3559829558,0.2686567164
1,109,0.2290035287,-0.3581606308,0.2711442786
1,110,0.2295961070,-0.3603191152,0.2736318408
1,111,0.2302819107,-0.3624507162,0.2761194030
1,112,0.2309164288,-0.3645974635,0.2786069652
1,113,0.2314304733,-0.3667766014,0.2810945274
1,114,0.2320062830,-0.3689402834,0.2835820896
1,115,0.2325159085,-0.3711205014,0.2860696517
1,116,0.2330692922,-0.3732897566,0.2885572139
1,117,0.2333580516,-0.3755059219,0.2910447761
1,118,0.2333933524,-0.3777446407,0.2935323383
1,119,0.2333941702,-0.3799838666,0.2960199005
1,120,0.2333899517,-0.3822230808,0.2985074627
1,121,0.2332973796,-0.3844588622,0.3009950249
1,122,0.2328061402,-0.3866352770,0.3034825871
1,123,0.2319048094,-0.3886832451,0.3059701493
1,124,0.2308254067,-0.3906445206,0.3084577114
1,125,0.2296326769,-0.3925395169,0.3109452736
1,126,0.2284898078,-0.3944646778,0.3134328358
1,127,0.2273712551,-0.3964043257,0.3159203980
1,128,0.2261512075,-0.3982819115,0.3184079602
1,129,0.2249134979,-0.4001479710,0.3208955224
1,130,0.2236622690,-0.4020049927,0.3233830846
1,131,0.2223637026,-0.4038288250,0.3258706468
1,132,0.2210002923,-0.4056049732,0.3283582090
1,133,0.2196762845,-0.4074106945,0.3308457711
1,134,0.2183254776,-0.4091964168,0.3333333333
1,135,0.2169713555,-0.4109796544,0.3358208955
1,136,0.2156489958,-0.4127865851,0.3383084577
1,137,0.2142830742,-0.4145608328,0.3407960199
1,138,0.2129537472,-0.4163626953,0.3432835821
1,139,0.2115457587,-0.4181024829,0.3457711443
1,140,0.2100208841,-0.4197417953,0.3482587065
1,141,0.2084870289,-0.4213728245,0.3507462687
1,142,0.2070571734,-0.4230947895,0.3532338308
1,143,0.2057093941,-0.4248826078,0.3557213930
1,144,0.2042538955,-0.4265830523,0.3582089552
1,145,0.2026950669,-0.4281905513,0.3606965174
1,146,0.2011348299,-0.4297966787,0.3631840796
1,147,0.1996661377,-0.4314856293,0.3656716418
1,148,0.1983179028,-0.4332731009,0.3681592040
1,149,0.1968962110,-0.4350018494,0.3706467662
1,150,0.1953623379,-0.4366327060,0.3731343284
1,151,0.1937836346,-0.4382207274,0.3756218905
1,152,0.1922006425,-0.4398044794,0.3781094527
1,153,0.1906172790,-0.4413878601,0.3805970149
1,154,0.1890339069,-0.4429712323,0.3830845771
1,155,0.1874505347,-0.4445546044,0.3855721393
1,156,0.1858671626,-0.4461379765,0.3880597015
1,157,0.1842837905,-0.4477213486,0.3905472637
1,158,0.1827001843,-0.4493044866,0.3930348259
1,159,0.1811132872,-0.4508843216,0.3955223881
1,160,0.1794979882,-0.4524347467,0.3980099502
1,161,0.1777861693,-0.4538766937,0.4004975124
1,162,0.1759983565,-0.4552244799,0.4029850746
1,163,0.1742879399,-0.4566681013,0.4054726368
1,164,0.1726737551,-0.4582197217,0.4079601990
1,165,0.1710835396,-0.4597962207,0.4104477612
1,166,0.1694699575,-0.4613484825,0.4129353234
1,167,0.1677601844,-0.4627928722,0.4154228856
1,168,0.1659723582,-0.4641406414,0.4179104478
1,169,0.1642594027,-0.4655812611,0.4203980100
1,170,0.1626340636,-0.4671212846,0.4228855721
1,171,0.1609890534,-0.4686399821,0.4253731343
1,172,0.1592348631,-0.4700300736,0.4278606965
1,173,0.1574352011,-0.4713623796,0.4303482587
1,174,0.1556608615,-0.4727281788,0.4328358209
1,175,0.1538529797,-0.4740492433,0.4353233831
1,176,0.1520734694,-0.4754082873,0.4378109453
1,177,0.1502821820,-0.4767516695,0.4402985075
1,178,0.1484792417,-0.4780794646,0.4427860697
1,179,0.1467025142,-0.4794420992,0.4452736318
1,180,0.1448729894,-0.4807326573,0.4477611940
1,181,0.1430183643,-0.4819874482,0.4502487562
1,182,0.1411865109,-0.4832747255,0.4527363184
1,183,0.1394089370,-0.4846362554,0.4552238806
1,184,0.1375939556,-0.4859471761,0.4577114428
1,185,0.1357403577,-0.4872034392,0.4601990050
1,186,0.1338755626,-0.4884430468,0.4626865672
1,187,0.1320016122,-0.4896686754,0.4651741294
1,188,0.1300754456,-0.4908097384,0.4676616915
1,189,0.1281387342,-0.4919331970,0.4701492537
1,190,0.1262619032,-0.4931544042,0.4726368159
1,191,0.1243938290,-0.4943890824,0.4751243781
1,192,0.1225102002,-0.4955994498,0.4776119403
1,193,0.1205531325,-0.4966867147,0.4800995025
1,194,0.1185670886,-0.4977209022,0.4825870647
1,195,0.1166323064,-0.4988467975,0.4850746269
1,196,0.1147382382,-0.5000410827,0.4875621891
1,197,0.1127819675,-0.5011298124,0.4900497512
1,198,0.1107959187,-0.5021639905,0.4925373134
1,199,0.1088585720,-0.5032854682,0.4950248756
1,200,0.1069658378,-0.5044819537,0.4975124378
1,201,0.1050104168,-0.5055721891,0.5000000000
1,202,0.1030138445,-0.5065858954,0.5024875622
1,203,0.1010112427,-0.5075877538,0.5049751244
1,204,0.0990084160,-0.5085891626,0.5074626866
1,205,0.0970055904,-0.5095905738,0.5099502488
1,206,0.0950027674,-0.5105919899,0.5124378109
1,207,0.0929996893,-0.5115928957,0.5149253731
1,208,0.0909897351,-0.5125797684,0.5174129353
1,209,0.0889369983,-0.5134725041,0.5199004975
1,210,0.0868353548,-0.5142452252,0.5223880597
1,211,0.0847889489,-0.5151530401,0.5248756219
1,212,0.0827806926,-0.5161434322,0.5273631841
1,213,0.0807688472,-0.5171264135,0.5298507463
1,214,0.0787103287,-0.5180053101,0.5323383085
1,215,0.0766107496,-0.5187832753,0.5348258706
1,216,0.0745526626,-0.5196651607,0.5373134328
1,217,0.0724654138,-0.5204744051,0.5398009950
1,218,0.0703454424,-0.5211953351,0.5422885572
1,219,0.0682290489,-0.5219264969,0.5447761194
1,220,0.0661581287,-0.5227766006,0.5472636816
1,221,0.0640866541,-0.5236253173,0.5497512438
1,222,0.0619700285,-0.5243558051,0.5522388060
1,223,0.0598462672,-0.5250655301,0.5547263682
1,224,0.0577228502,-0.5257762921,0.5572139303
1,225,0.0555970085,-0.5264798060,0.5597014925
1,226,0.0534732956,-0.5271896745,0.5621890547
1,227,0.0513400214,-0.5278701377,0.5646766169
1,228,0.0491684277,-0.5284130899,0.5671641791
1,229,0.0469993372,-0.5289674178,0.5696517413
1,230,0.0448256478,-0.5295032974,0.5721393035
1,231,0.0426545564,-0.5300495778,0.5746268657
1,232,0.0404827682,-0.5305930630,0.5771144279
1,233,0.0383087415,-0.5311278953,0.5796019900
1,234,0.0361254541,-0.5316164250,0.5820895522
1,235,0.0339145327,-0.5319659859,0.5845771144
1,236,0.0317401825,-0.5324987481,0.5870646766
1,237,0.0295350616,-0.5328800377,0.5895522388
1,238,0.0273398509,-0.5333120966,0.5920398010
1,239,0.0251577287,-0.5338059288,0.5945273632
1,240,0.0229254186,-0.5339657634,0.5970149254
1,241,0.0206976504,-0.5341660513,0.5995024876
1,242,0.0185210553,-0.5346889608,0.6019900498
1,243,0.0163112217,-0.5350294763,0.6044776119
1,244,0.0140727001,-0.5350754410,0.6069651741
1,245,0.0118334776,-0.5350784853,0.6094527363
1,246,0.0095955090,-0.5351358484,0.6119402985
1,247,0.0073893898,-0.5355013557,0.6144278607
1,248,0.0052121322,-0.5360214879,0.6169154229
1,249,0.0029804332,-0.5361849958,0.6194029851
1,250,0.0007412474,-0.5361950609,0.6218905473
1,251,-0.0014979789,-0.5361951708,0.6243781095
1,252,-0.0037372047,-0.5361939267,0.6268656716
1,253,-0.0059756772,-0.5361453159,0.6293532338
1,254,-0.0081838943,-0.5357917149,0.6318407960
1,255,-0.0103605067,-0.5352688866,0.6343283582
1,256,-0.0125903045,-0.5350899876,0.6368159204
1,257,-0.0148294301,-0.5350756535,0.6393034826
1,258,-0.0170679621,-0.5350301076,0.6417910448
1,259,-0.0192781513,-0.5346925318,0.6442786070
1,260,-0.0214530052,-0.5341618391,0.6467661692
1,261,-0.0236664473,-0.5338260806,0.6492537313
1,262,-0.0258465237,-0.5333206057,0.6517412935
1,263,-0.0280409034,-0.5328845862,0.6542288557
1,264,-0.0302462706,-0.5325047707,0.6567164179
1,265,-0.0324141771,-0.5319456197,0.6592039801
1,266,-0.0345931293,-0.5314308603,0.6616915423
1,267,-0.0367362860,-0.5307840096,0.6641791045
1,268,-0.0388625847,-0.5300819416,0.6666666667
1,269,-0.0409869736,-0.5293740844,0.6691542289
1,270,-0.0431096154,-0.5286610150,0.6716417910
1,271,-0.0452207799,-0.5279154446,0.6741293532
1,272,-0.0472667522,-0.5270066589,0.6766169154
1,273,-0.0492861143,-0.5260391497,0.6791044776
1,274,-0.0513560881,-0.5251876379,0.6815920398
1,275,-0.0534507997,-0.5243971911,0.6840796020
1,276,-0.0555088481,-0.5235152177,0.6865671642
1,277,-0.0575985544,-0.5227119353,0.6890547264
1,278,-0.0596800039,-0.5218879196,0.6915422886
1,279,-0.0616979510,-0.5209175578,0.6940298507
1,280,-0.0637017796,-0.5199181609,0.6965174129
1,281,-0.0657046222,-0.5189167838,0.6990049751
1,282,-0.0677074490,-0.5179153751,0.7014925373
1,283,-0.0697102364,-0.5169138876,0.7039800995
1,284,-0.0717103535,-0.5159070903,0.7064676617
1,285,-0.0736791580,-0.5148413065,0.7089552239
1,286,-0.0755834375,-0.5136638780,0.7114427861
1,287,-0.0774964404,-0.5125006593,0.7139303483
1,288,-0.0794408982,-0.5113904140,0.7164179104
1,289,-0.0813308757,-0.5101901899,0.7189054726
1,290,-0.0831989293,-0.5089554808,0.7213930348
1,291,-0.0850736235,-0.5077309934,0.7238805970
1,292,-0.0870024469,-0.5065943659,0.7263681592
1,293,-0.0889365015,-0.5054664718,0.7288557214
1,294,-0.0908125742,-0.5042441015,0.7313432836
1,295,-0.0926781204,-0.5030056214,0.7338308458
1,296,-0.0945337261,-0.5017523106,0.7363184080
1,297,-0.0963538785,-0.5004486087,0.7388059701
1,298,-0.0981295782,-0.4990845977,0.7412935323
1,299,-0.0999374526,-0.4977635222,0.7437810945
1,300,-0.1017188377,-0.4964069302,0.7462686567
1,301,-0.1035051964,-0.4950569409,0.7487562189
1,302,-0.1052950397,-0.4937118912,0.7512437811
1,303,-0.1070060349,-0.4922677965,0.7537313433
1,304,-0.1087434819,-0.4908560998,0.7562189055
1,305,-0.1105326949,-0.4895101509,0.7587064677
1,306,-0.1122388157,-0.4880611470,0.7611940299
1,307,-0.1138919867,-0.4865510158,0.7636815920
1,308,-0.1156242806,-0.4851334864,0.7661691542
1,309,-0.1174115257,-0.4837849556,0.7686567164
1,310,-0.1190995958,-0.4823152528,0.7711442786
1,311,-0.1207056182,-0.4807549079,0.7736318408
1,312,-0.1223132899,-0.4791962601,0.7761194030
1,313,-0.1240145472,-0.4777416992,0.7786069652
1,314,-0.1258023601,-0.4763939130,0.7810945274
1,315,-0.1275233876,-0.4749629611,0.7835820896
1,316,-0.1291473985,-0.4734218016,0.7860696517
1,317,-0.1307348443,-0.4718425177,0.7885572139
1,318,-0.1323185335,-0.4702594628,0.7910447761
1,319,-0.1339018903,-0.4686760753,0.7935323383
1,320,-0.1354847831,-0.4670922241,0.7960199005
1,321,-0.1370596889,-0.4655004760,0.7985074627
1,322,-0.1385849197,-0.4638616109,0.8009950249
1,323,-0.1399846928,-0.4621151226,0.8034825871
1,324,-0.1413408626,-0.4603336815,0.8059701493
1,325,-0.1428302445,-0.4586626403,0.8084577114
1,326,-0.1443779525,-0.4570443899,0.8109452736
1,327,-0.1458586964,-0.4553658639,0.8134328358
1,328,-0.1472064873,-0.4535781821,0.8159203980
1,329,-0.1485581192,-0.4517930491,0.8184079602
1,330,-0.1499063642,-0.4500054616,0.8208955224
1,331,-0.1511706245,-0.4481573120,0.8233830846
1,332,-0.1524159985,-0.4462963628,0.8258706468
1,333,-0.1536577153,-0.4444329666,0.8283582090
1,334,-0.1548984179,-0.4425688975,0.8308457711
1,335,-0.1561279971,-0.4406975200,0.8333333333
1,336,-0.1572791474,-0.4387775868,0.8358208955
1,337,-0.1583087231,-0.4367892024,0.8383084577
1,338,-0.1592880231,-0.4347755987,0.8407960199
1,339,-0.1601397300,-0.4327059286,0.8432835821
1,340,-0.1608484863,-0.4305821046,0.8457711443
1,341,-0.1614241939,-0.4284191920,0.8482587065
1,342,-0.1619528660,-0.4262436203,0.8507462687
1,343,-0.1624378958,-0.4240602909,0.8532338308
1,344,-0.1625689413,-0.4218267593,0.8557213930
1,345,-0.1624999010,-0.4195898466,0.8582089552
1,346,-0.1621061977,-0.4173889929,0.8606965174
1,347,-0.1616136825,-0.4152065667,0.8631840796
1,348,-0.1614697428,-0.4129736464,0.8656716418
1,349,-0.1614588288,-0.4107344555,0.8681592040
1,350,-0.1613915657,-0.4084970601,0.8706467662
1,351,-0.1610116552,-0.4062936277,0.8731343284
1,352,-0.1605052727,-0.4041137883,0.8756218905
1,353,-0.1603518979,-0.4018814191,0.8781094527
1,354,-0.1603428815,-0.3996422231,0.8805970149
1,355,-0.1603408685,-0.3974030000,0.8830845771
1,356,-0.1602829291,-0.3951650651,0.8855721393
1,357,-0.1599165763,-0.3929591035,0.8880597015
1,358,-0.1593967219,-0.3907817795,0.8905472637
1,359,-0.1592341963,-0.3885499591,0.8930348259
1,360,-0.1592243303,-0.3863107696,0.8955223881
1,361,-0.1592242263,-0.3840715433,0.8980099502
1,362,-0.1592229760,-0.3818323176,0.9004975124
1,363,-0.1591740660,-0.3795938561,0.9029850746
1,364,-0.1588195832,-0.3773857530,0.9054726368
1,365,-0.1582967548,-0.3752091406,0.9079601990
1,366,-0.1581188380,-0.3729792215,0.9104477612
1,367,-0.1581058511,-0.3707400898,0.9129353234
1,368,-0.1581056552,-0.3685008635,0.9154228856
1,369,-0.1581056552,-0.3662616371,0.9179104478
1,370,-0.1581044950,-0.3640224114,0.9203980100
1,371,-0.1580587330,-0.3617838862,0.9228855721
1,372,-0.1577191819,-0.3595739335,0.9253731343
1,373,-0.1571963535,-0.3573973211,0.9278606965
1,374,-0.1570034047,-0.3551692589,0.9303482587
1,375,-0.1569873698,-0.3529301835,0.9328358209
1,376,-0.1569860179,-0.3506909578,0.9353233831
1,377,-0.1569434497,-0.3484523735,0.9378109453
1,378,-0.1566196489,-0.3462404752,0.9402985075
1,379,-0.1560968205,-0.3440638629,0.9427860697
1,380,-0.1558881214,-0.3418377462,0.9452736318
1,381,-0.1558688172,-0.3395987301,0.9477611940
1,382,-0.1558608163,-0.3373595291,0.9502487562
1,383,-0.1557261220,-0.3351260704,0.9527363184
1,384,-0.1552471487,-0.3329411180,0.9552238806
1,385,-0.1548398290,-0.3307427987,0.9577114428
1,386,-0.1547539692,-0.3285064920,0.9601990050
1,387,-0.1547490984,-0.3262672774,0.9626865672
1,388,-0.1547129581,-0.3240285736,0.9651741294
1,389,-0.1544210171,-0.3218127397,0.9676616915
1,390,-0.1538981888,-0.3196361273,0.9701492537
1,391,-0.1536575710,-0.3174139484,0.9726368159
1,392,-0.1536256645,-0.3151750868,0.9751243781
1,393,-0.1535093046,-0.3129405331,0.9776119403
1,394,-0.1530580687,-0.3107504063,0.9800995025
1,395,-0.1526230116,-0.3085572613,0.9825870647
1,396,-0.1525175660,-0.3063220655,0.9850746269
1,397,-0.1524826672,-0.3040832708,0.9875621891
1,398,-0.1522232638,-0.3018634132,0.9900497512
1,399,-0.1517004355,-0.2996868009,0.9925373134
1,400,-0.1514272673,-0.2974686465,0.9950248756
1,401,-0.1513949584,-0.2952298725,0.9975124378
1,402,-0.1513942291,-0.2929906466,1.0000000000
2,0,-0.2413545224,-0.0082296452,0.0000000000
2,1,-0.2391173180,-0.0082237594,0.0028490028
2,2,-0.2368846526,-0.0081097756,0.0056980057
2,3,-0.2346959416,-0.0076618415,0.0085470085
2,4,-0.2325060977,-0.0072185474,0.0113960114
2,5,-0.2302793258,-0.0070083839,0.0142450142
2,6,-0.2280895340,-0.0065663679,0.0170940171
2,7,-0.2259198230,-0.0060222548,0.0199430199
2,8,-0.2244077388,-0.0054588254,0.0227920228
2,9,-0.2266334916,-0.0056768067,0.0256410256
2,10,-0.2288513061,-0.0059708606,0.0284900285
2,11,-0.2310687039,-0.0062680131,0.0313390313
2,12,-0.2332853980,-0.0065703981,0.0341880342
2,13,-0.2355020920,-0.0068727832,0.0370370370
2,14,-0.2377202046,-0.0071644182,0.0398860399
2,15,-0.2399394613,-0.0074473828,0.0427350427
2,16,-0.2421590427,-0.0077275603,0.0455840456
2,17,-0.2443839024,-0.0079624404,0.0484330484
2,18,-0.2466127099,-0.0081505646,0.0512820513
2,19,-0.2488481024,-0.0082263882,0.0541310541
2,20,-0.2510853215,-0.0082296452,0.0569800570
2,21,-0.2533225450,-0.0082296452,0.0598290598
2,22,-0.2555597685,-0.0082294030,0.0626780627
2,23,-0.2577968696,-0.0082149157,0.0655270655
2,24,-0.2600239145,-0.0080300061,0.0683760684
2,25,-0.2621985291,-0.0075074358,0.0712250712
2,26,-0.2644042053,-0.0071488639,0.0740740741
2,27,-0.2666302958,-0.0069336057,0.0769230769
2,28,-0.2687932818,-0.0063683089,0.0797720798
2,29,-0.2709204183,-0.0056752298,0.0826210826
2,30,-0.2730400060,-0.0049593419,0.0854700855
2,31,-0.2751324688,-0.0041699953,0.0883190883
2,32,-0.2771497789,-0.0032050357,0.0911680912
2,33,-0.2790678143,-0.0020575408,0.0940170940
2,34,-0.2808054904,-0.0006512277,0.0968660969
2,35,-0.2824280207,0.0008885149,0.0997150997
2,36,-0.2840139728,0.0024664603,0.1025641026
2,37,-0.2855962294,0.0040481154,0.1054131054
2,38,-0.2871779119,0.0056303447,0.1082621083
2,39,-0.2887560350,0.0072161199,0.1111111111
2,40,-0.2902989651,0.0088356662,0.1139601140
2,41,-0.2917099749,0.0105695212,0.1168091168
2,42,-0.2928711208,0.0124792076,0.1196581197
2,43,-0.2938947646,0.0144683571,0.1225071225
2,44,-0.2948960024,0.0164690299,0.1253561254
2,45,-0.2958957156,0.0184704649,0.1282051282
2,46,-0.2968724905,0.0204830885,0.1310541311
2,47,-0.2977283267,0.0225490740,0.1339031339
2,48,-0.2985157714,0.0246428071,0.1367521368
2,49,-0.2993966924,0.0266991256,0.1396011396
2,50,-0.3001916138,0.0287896752,0.1424501425
2,51,-0.3009085938,0.0309088983,0.1452991453
2,52,-0.3016116522,0.0330327807,0.1481481481
2,53,-0.3023209516,0.0351545724,0.1509971510
2,54,-0.3030021375,0.0372855129,0.1538461538
2,55,-0.3035508891,0.0394535046,0.1566951567
2,56,-0.3041002630,0.0416217712,0.1595441595
2,57,-0.3046403091,0.0437923563,0.1623931624
2,58,-0.3051813388,0.0459626959,0.1652421652
2,59,-0.3057292255,0.0481313215,0.1680911681
2,60,-0.3062590940,0.0503045097,0.1709401709
2,61,-0.3067580710,0.0524835695,0.1737891738
2,62,-0.3071007015,0.0546937232,0.1766381766
2,63,-0.3076330322,0.0568661176,0.1794871795
2,64,-0.3080208274,0.0590680150,0.1823361823
2,65,-0.3084413307,0.0612635578,0.1851851852
2,66,-0.3089512363,0.0634406403,0.1880341880
2,67,-0.3091613529,0.0656674178,0.1908831909
2,68,-0.3095332092,0.0678708685,0.1937321937
2,69,-0.3100549785,0.0700456986,0.1965811966
2,70,-0.3102690197,0.0722719397,0.1994301994
2,71,-0.3106275092,0.0744776210,0.2022792023
2,72,-0.3111584281,0.0766503718,0.2051282051
2,73,-0.3114981915,0.0788613310,0.2079772080
2,74,-0.3121420925,0.0809985541,0.2108262108
2,75,-0.3131072928,0.0830152097,0.2136752137
2,76,-0.3142891160,0.0849107634,0.2165242165
2,77,-0.3157763841,0.0865767578,0.2193732194
2,78,-0.3175176953,0.0879791441,0.2222222222
2,79,-0.3192550668,0.0893860567,0.2250712251
2,80,-0.3207342761,0.0910587758,0.2279202279
2,81,-0.3218288049,0.0930011376,0.2307692308
2,82,-0.3224079317,0.0951511173,0.2336182336
2,83,-0.3225293385,0.0973830685,0.2364672365
2,84,-0.3225355384,0.0996202722,0.2393162393
2,85,-0.3225355548,0.1018574957,0.2421652422
2,86,-0.3225307550,0.1040947049,0.2450142450
2,87,-0.3224301078,0.1063279805,0.2478632479
2,88,-0.3219213328,0.1084980050,0.2507122507
2,89,-0.3210038993,0.1105360526,0.2535612536
2,90,-0.3198082600,0.1124221639,0.2564102564
2,91,-0.3181035275,0.1138576491,0.2592592593
2,92,-0.3161407020,0.1149289729,0.2621082621
2,93,-0.3141418820,0.1159338806,0.2649572650
2,94,-0.3121408917,0.1169344839,0.2678062678
2,95,-0.3101405517,0.1179363838,0.2706552707
2,96,-0.3081537836,0.1189647421,0.2735042735
2,97,-0.3062304477,0.1201063589,0.2763532764
2,98,-0.3043330069,0.1212912170,0.2792022792
2,99,-0.3023731145,0.1223692245,0.2820512821
2,100,-0.3003753400,0.1233762203,0.2849002849
2,101,-0.2983744238,0.1243769717,0.2877492877
2,102,-0.2963733884,0.1253774848,0.2905982906
2,103,-0.2943723530,0.1263779978,0.2934472934
2,104,-0.2923713181,0.1273785120,0.2962962963
2,105,-0.2903702864,0.1283790325,0.2991452991
2,106,-0.2883689861,0.1293790153,0.3019943020
2,107,-0.2863604367,0.1303641949,0.3048433048
2,108,-0.2843082626,0.1312530861,0.3076923077
2,109,-0.2822085831,0.1320252822,0.3105413105
2,110,-0.2801511220,0.1329035354,0.3133903134
2,111,-0.2780693038,0.1337209801,0.3162393162
2,112,-0.2759517873,0.1344428423,0.3190883191
2,113,-0.2738288489,0.1351487186,0.3219373219
2,114,-0.2717073333,0.1358588513,0.3247863248
2,115,-0.2695842033,0.1365641586,0.3276353276
2,116,-0.2674609178,0.1372689490,0.3304843305
2,117,-0.2653217720,0.1379221609,0.3333333333
2,118,-0.2631222871,0.1383218376,0.3361823362
2,119,-0.2609258872,0.1387379422,0.3390313390
2,120,-0.2587613387,0.1393028601,0.3418803419
2,121,-0.2565830065,0.1398117876,0.3447293447
2,122,-0.2544113102,0.1403457954,0.3475783476
2,123,-0.2521867824,0.1405718417,0.3504273504
2,124,-0.2499794028,0.1409184405,0.3532763533
2,125,-0.2478049290,0.1414416587,0.3561253561
2,126,-0.2455820490,0.1416771167,0.3589743590
2,127,-0.2433578011,0.1419099905,0.3618233618
2,128,-0.2411497676,0.1422692433,0.3646723647
2,129,-0.2389404031,0.1426204762,0.3675213675
2,130,-0.2367206110,0.1428987247,0.3703703704
2,131,-0.2345274081,0.1433367056,0.3732193732
2,132,-0.2323066528,0.1435224129,0.3760683761
2,133,-0.2300840827,0.1432814194,0.3789173789
2,134,-0.2278703110,0.1429583930,0.3817663818
2,135,-0.2256396169,0.1428005963,0.3846153846
2,136,-0.2234026499,0.1427779741,0.3874643875
2,137,-0.2211654266,0.1427774437,0.3903133903
2,138,-0.2189282034,0.1427766256,0.3931623932
2,139,-0.2166914424,0.1427432466,0.3960113960
2,140,-0.2144673578,0.1425192702,0.3988603989
2,141,-0.2122587431,0.1421626388,0.4017094017
2,142,-0.2100406128,0.1418739886,0.4045584046
2,143,-0.2078106815,0.1416978990,0.4074074074
2,144,-0.2055794565,0.1415423269,0.4102564103
2,145,-0.2033708111,0.1411989533,0.4131054131
2,146,-0.2011992087,0.1406655345,0.4159544160
2,147,-0.1990507434,0.1400421636,0.4188034188
2,148,-0.1968876263,0.1394723704,0.4216524217
2,149,-0.1947235641,0.1389072688,0.4245014245
2,150,-0.1925942530,0.1382208394,0.4273504274
2,151,-0.1904629208,0.1375407383,0.4301994302
2,152,-0.1883359178,0.1368472116,0.4330484330
2,153,-0.1862048440,0.1361666977,0.4358974359
2,154,-0.1840660835,0.1355104095,0.4387464387
2,155,-0.1819524637,0.1347773670,0.4415954416
2,156,-0.1798480875,0.1340180059,0.4444444444
2,157,-0.1777208003,0.1333267120,0.4472934473
2,158,-0.1755481918,0.1327985739,0.4501424501
2,159,-0.1733420863,0.1324298412,0.4529914530
2,160,-0.1711253653,0.1321286831,0.4558404558
2,161,-0.1689031953,0.1318707722,0.4586894587
2,162,-0.1666747447,0.1316767404,0.4615384615
2,163,-0.1644393931,0.1315983604,0.4643874644
2,164,-0.1622021898,0.1315917995,0.4672364672
2,165,-0.1599649662,0.1315917334,0.4700854701
2,166,-0.1577277427,0.1315917334,0.4729344729
2,167,-0.1554905192,0.1315917334,0.4757834758
2,168,-0.1532532956,0.1315917334,0.4786324786
2,169,-0.1510160721,0.1315917334,0.4814814815
2,170,-0.1487788485,0.1315917672,0.4843304843
2,171,-0.1465416365,0.1315958575,0.4871794872
2,172,-0.1443073961,0.1316827912,0.4900284900
2,173,-0.1421113179,0.1320912221,0.4928774929
2,174,-0.1399286109,0.1325719951,0.4957264957
2,175,-0.1377021712,0.1327853664,0.4985754986
2,176,-0.1355214197,0.1332538993,0.5014245014
2,177,-0.1334692116,0.1341410588,0.5042735043
2,178,-0.1314988401,0.1352000349,0.5071225071
2,179,-0.1295643410,0.1363236543,0.5099715100
2,180,-0.1276266945,0.1374419638,0.5128205128
2,181,-0.1256641664,0.1385157779,0.5156695157
2,182,-0.1236813173,0.1395516272,0.5185185185
2,183,-0.1216872763,0.1405659629,0.5213675214
2,184,-0.1196878474,0.1415696804,0.5242165242
2,185,-0.1176847045,0.1425659673,0.5270655271
2,186,-0.1156749540,0.1435487976,0.5299145299
2,187,-0.1136509329,0.1445013134,0.5327635328
2,188,-0.1115917245,0.1453732461,0.5356125356
2,189,-0.1094712252,0.1460828379,0.5384615385
2,190,-0.1073324200,0.1467386666,0.5413105413
2,191,-0.1052191030,0.1474727907,0.5441595442
2,192,-0.1030911390,0.1481622177,0.5470085470
2,193,-0.1009396334,0.1487748759,0.5498575499
2,194,-0.0987802041,0.1493595534,0.5527065527
2,195,-0.0966419661,0.1500151647,0.5555555556
2,196,-0.0945348957,0.1507662388,0.5584045584
2,197,-0.0924276655,0.1515173500,0.5612535613
2,198,-0.0902890344,0.1521710134,0.5641025641
2,199,-0.0881111626,0.1526789181,0.5669515670
2,200,-0.0859199050,0.1531279548,0.5698005698
2,201,-0.0837494237,0.1536681895,0.5726495726
2,202,-0.0815402764,0.1540111580,0.5754985755
2,203,-0.0793247912,0.1543198747,0.5783475783
2,204,-0.0771193504,0.1546951825,0.5811965812
2,205,-0.0749039305,0.1550039037,0.5840455840
2,206,-0.0726812223,0.1552577460,0.5868945869
2,207,-0.0704720453,0.1556102481,0.5897435897
2,208,-0.0682633907,0.1559656281,0.5925925926
2,209,-0.0660365496,0.1561657953,0.5954415954
2,210,-0.0638001263,0.1562212326,0.5982905983
2,211,-0.0615718401,0.1564025484,0.6011396011
2,212,-0.0593631147,0.1567584939,0.6039886040
2,213,-0.0571470083,0.1570614676,0.6068376068
2,214,-0.0549181645,0.1572473297,0.6096866097
2,215,-0.0526822138,0.1573120523,0.6125356125
2,216,-0.0504450100,0.1573187923,0.6153846154
2,217,-0.0482077864,0.1573188671,0.6182336182
2,218,-0.0459705629,0.1573188671,0.6210826211
2,219,-0.0437333393,0.1573188671,0.6239316239
2,220,-0.0414961158,0.1573186681,0.6267806268
2,221,-0.0392589021,0.1573135385,0.6296296296
2,222,-0.0370219461,0.1572834214,0.6324786325
2,223,-0.0347882167,0.1571683668,0.6353276353
2,224,-0.0325818877,0.1568137919,0.6381766382
2,225,-0.0303943931,0.1563510387,0.6410256410
2,226,-0.0281633731,0.1562086156,0.6438746439
2,227,-0.0259261772,0.1562000862,0.6467236467
2,228,-0.0236890939,0.1561843535,0.6495726496
2,229,-0.0214586135,0.1560263891,0.6524216524
2,230,-0.0192605680,0.1556111193,0.6552706553
2,231,-0.0170578495,0.1552260669,0.6581196581
2,232,-0.0148264990,0.1550768877,0.6609686610
2,233,-0.0125990848,0.1548898161,0.6638176638
2,234,-0.0104244460,0.1543673360,0.6666666667
2,235,-0.0082182984,0.1540132913,0.6695156695
2,236,-0.0059818513,0.1539631700,0.6723646724
2,237,-0.0037454352,0.1539120819,0.6752136752
2,238,-0.0015439570,0.1535347195,0.6780626781
2,239,0.0005982711,0.1528908361,0.6809116809
2,240,0.0027565937,0.1523041531,0.6837606838
2,241,0.0049451698,0.1518424530,0.6866096866
2,242,0.0071360495,0.1513922501,0.6894586895
2,243,0.0093066622,0.1508526238,0.6923076923
2,244,0.0115155742,0.1505032348,0.6951566952
2,245,0.0136984705,0.1500211763,0.6980056980
2,246,0.0158903536,0.1495890955,0.7008547009
2,247,0.0181190970,0.1493997697,0.7037037037
2,248,0.0203371797,0.1491135072,0.7065527066
2,249,0.0225439138,0.1487460970,0.7094017094
2,250,0.0247626401,0.1484636836,0.7122507123
2,251,0.0269909711,0.1482646283,0.7150997151
2,252,0.0292135434,0.1480123234,0.7179487179
2,253,0.0314178646,0.1476337527,0.7207977208
2,254,0.0335851653,0.1470821219,0.7236467236
2,255,0.0357144282,0.1463963625,0.7264957265
2,256,0.0378197347,0.1456404708,0.7293447293
2,257,0.0398694100,0.1447441381,0.7321937322
2,258,0.0419197520,0.1438494268,0.7350427350
2,259,0.0440193241,0.1430793860,0.7378917379
2,260,0.0461754889,0.1424826263,0.7407407407
2,261,0.0483040809,0.1417959348,0.7435897436
2,262,0.0504038701,0.1410241545,0.7464387464
2,263,0.0524982984,0.1402377189,0.7492877493
2,264,0.0546310154,0.1395636450,0.7521367521
2,265,0.0567756136,0.1389286916,0.7549857550
2,266,0.0588472932,0.1380851392,0.7578347578
2,267,0.0609628963,0.1373644019,0.7606837607
2,268,0.0631279597,0.1368034351,0.7635327635
2,269,0.0652106666,0.1359910546,0.7663817664
2,270,0.0672859673,0.1351570715,0.7692307692
2,271,0.0694017004,0.1344301012,0.7720797721
2,272,0.0715239397,0.1337221379,0.7749287749
2,273,0.0736454553,0.1330120052,0.7777777778
2,274,0.0757691929,0.1323085146,0.7806267806
2,275,0.0778909112,0.1315989877,0.7834757835
2,276,0.0800124147,0.1308888281,0.7863247863
2,277,0.0821262385,0.1301563915,0.7891737892
2,278,0.0841919258,0.1292985885,0.7920227920
2,279,0.0862648639,0.1284589259,0.7948717949
2,280,0.0883803471,0.1277312413,0.7977207977
2,281,0.0905024955,0.1270230065,0.8005698006
2,282,0.0926240111,0.1263128738,0.8034188034
2,283,0.0947478290,0.1256096234,0.8062678063
2,284,0.0968694669,0.1248998563,0.8091168091
2,285,0.0989913604,0.1241908532,0.8119658120
2,286,0.1011149007,0.1234867721,0.8148148148
2,287,0.1032346788,0.1227714527,0.8176638177
2,288,0.1053324900,0.1219959214,0.8205128205
2,289,0.1073890726,0.1211156342,0.8233618234
2,290,0.1094831105,0.1203300254,0.8262108262
2,291,0.1116019811,0.1196120069,0.8290598291
2,292,0.1137138921,0.1188741173,0.8319088319
2,293,0.1157722664,0.1179980292,0.8347578348
2,294,0.1178526393,0.1171769676,0.8376068376
2,295,0.1199698241,0.1164541556,0.8404558405
2,296,0.1220926189,0.1157478499,0.8433048433
2,297,0.1242129324,0.1150341325,0.8461538462
2,298,0.1263174168,0.1142764201,0.8490028490
2,299,0.1283739206,0.1133959479,0.8518518519
2,300,0.1304588195,0.1125858530,0.8547008547
2,301,0.1325445717,0.1117779491,0.8575498575
2,302,0.1346010580,0.1108974345,0.8603988604
2,303,0.1367042088,0.1101361559,0.8632478632
2,304,0.1388230794,0.1094181375,0.8660968661
2,305,0.1409258776,0.1086559176,0.8689458689
2,306,0.1429823592,0.1077753916,0.8717948718
2,307,0.1450683401,0.1069680750,0.8746438746
2,308,0.1471530103,0.1061573928,0.8774928775
2,309,0.1492094599,0.1052767902,0.8803418803
2,310,0.1513110605,0.1045107215,0.8831908832
2,311,0.1534123061,0.1037429577,0.8860398860
2,312,0.1554940523,0.1029237547,0.8888888889
2,313,0.1575538990,0.1020511881,0.8917378917
2,314,0.1595969393,0.1011396686,0.8945868946
2,315,0.1616776548,0.1003190908,0.8974358974
2,316,0.1637625333,0.0995091883,0.9002849003
2,317,0.1657884709,0.0985608831,0.9031339031
2,318,0.1678178564,0.0976201910,0.9059829060
2,319,0.1699053814,0.0968170376,0.9088319088
2,320,0.1719812511,0.0959848388,0.9116809117
2,321,0.1739995298,0.0950197062,0.9145299145
2,322,0.1760385983,0.0941003943,0.9173789174
2,323,0.1781332274,0.0933153069,0.9202279202
2,324,0.1801946263,0.0924484894,0.9230769231
2,325,0.1822059008,0.0914689313,0.9259259259
2,326,0.1842072924,0.0904691312,0.9287749288
2,327,0.1862083274,0.0894686172,0.9316239316
2,328,0.1882093628,0.0884681042,0.9344729345
2,329,0.1902103983,0.0874675912,0.9373219373
2,330,0.1922114337,0.0864670781,0.9401709402
2,331,0.1942124686,0.0854665641,0.9430199430
2,332,0.1962135003,0.0844660435,0.9458689459
2,333,0.1982145320,0.0834655230,0.9487179487
2,334,0.2002155502,0.0824649755,0.9515669516
2,335,0.2022157561,0.0814628090,0.9544159544
2,336,0.2042020553,0.0804335455,0.9572649573
2,337,0.2061231516,0.0792880713,0.9601139601
2,338,0.2080202063,0.0781025449,0.9629629630
2,339,0.2099632878,0.0769939147,0.9658119658
2,340,0.2118748356,0.0758321582,0.9686609687
2,341,0.2137750400,0.0746518082,0.9715099715
2,342,0.2157181214,0.0735431779,0.9743589744
2,343,0.2176262941,0.0723758890,0.9772079772
2,344,0.2195298736,0.0712010714,0.9800569801
2,345,0.2214727561,0.0700920986,0.9829059829
2,346,0.2233733236,0.0689126160,0.9857549858
2,347,0.2252393466,0.0676784669,0.9886039886
2,348,0.2271090720,0.0664500128,0.9914529915
2,349,0.2290222289,0.0652911013,0.9943019943
2,350,0.2309543228,0.0641637706,0.9971509972
2,351,0.2327502448,0.0628330294,1.0000000000
3,0,0.1523824798,0.0722976210,0.0000000000
3,1,0.1545898489,0.0719805695,0.0037453184
3,2,0.1566813090,0.0712012931,0.0074906367
3,3,0.1587001699,0.0702397974,0.0112359551
3,4,0.1607468805,0.0693403518,0.0149812734
3,5,0.1628465179,0.0685708192,0.0187265918
3,6,0.1649056121,0.0676992365,0.0224719101
3,7,0.1669807717,0.0668675032,0.0262172285
3,8,0.1690720362,0.0660765063,0.0299625468
3,9,0.1711353144,0.0652151658,0.0337078652
3,10,0.1732811460,0.0646054716,0.0374531835
3,11,0.1754895286,0.0642574089,0.0411985019
3,12,0.1776615365,0.0637278018,0.0449438202
3,13,0.1798702665,0.0634028681,0.0486891386
3,14,0.1821058149,0.0633574699,0.0524344569
3,15,0.1843402938,0.0632910443,0.0561797753
3,16,0.1865413117,0.0629145637,0.0599250936
3,17,0.1887175783,0.0624054000,0.0636704120
3,18,0.1909467381,0.0622479430,0.0674157303
3,19,0.1931817297,0.0621842820,0.0711610487
3,20,0.1953857192,0.0618236936,0.0749063670
3,21,0.1975594122,0.0613014960,0.0786516854
3,22,0.1997843297,0.0610852934,0.0823970037
3,23,0.2019891524,0.0607283637,0.0861423221
3,24,0.2041529871,0.0601649218,0.0898876404
3,25,0.2063302076,0.0596557212,0.0936329588
3,26,0.2084909618,0.0590806159,0.0973782772
3,27,0.2106666895,0.0585653724,0.1011235955
3,28,0.2128023782,0.0579045650,0.1048689139
3,29,0.2125740280,0.0577076724,0.1086142322
3,30,0.2103955071,0.0582091962,0.1123595506
3,31,0.2082208960,0.0587304681,0.1161048689
3,32,0.2060462848,0.0592517401,0.1198501873
3,33,0.2038791618,0.0598031140,0.1235955056
3,34,0.2017137723,0.0603614566,0.1273408240
3,35,0.1995483828,0.0609197991,0.1310861423
3,36,0.1973829933,0.0614781416,0.1348314607
3,37,0.1952176038,0.0620364842,0.1385767790
3,38,0.1930522143,0.0625948267,0.1423220974
3,39,0.1908878796,0.0631571950,0.1460674157
3,40,0.1887269097,0.0637324058,0.1498127341
3,41,0.1865659399,0.0643076166,0.1535580524
3,42,0.1844049701,0.0648828274,0.1573033708
3,43,0.1822440002,0.0654580381,0.1610486891
3,44,0.1800830304,0.0660332489,0.1647940075
3,45,0.1779220605,0.0666084597,0.1685393258
3,46,0.1757610907,0.0671836705,0.1722846442
3,47,0.1736001208,0.0677588812,0.1760299625
3,48,0.1714422357,0.0683455077,0.1797752809
3,49,0.1692856528,0.0689369538,0.1835205993
3,50,0.1671290699,0.0695283998,0.1872659176
3,51,0.1649724870,0.0701198458,0.1910112360
3,52,0.1628159041,0.0707112918,0.1947565543
3,53,0.1606593213,0.0713027379,0.1985018727
3,54,0.1585027384,0.0718941839,0.2022471910
3,55,0.1563515144,0.0725046267,0.2059925094
3,56,0.1542037729,0.0731274142,0.2097378277
3,57,0.1520560313,0.0737502018,0.2134831461
3,58,0.1499082898,0.0743729893,0.2172284644
3,59,0.1477750233,0.0750427486,0.2209737828
3,60,0.1456492751,0.0757369046,0.2247191011
3,61,0.1435502436,0.0765079923,0.2284644195
3,62,0.1414523481,0.0772816769,0.2322097378
3,63,0.1393970825,0.0781625000,0.2359550562
3,64,0.1373145554,0.0789759063,0.2397003745
3,65,0.1352282953,0.0797797284,0.2434456929
3,66,0.1331727711,0.0806599308,0.2471910112
3,67,0.1310728414,0.0814269356,0.2509363296
3,68,0.1289549373,0.0821446646,0.2546816479
3,69,0.1268517551,0.0829028567,0.2584269663
3,70,0.1248125304,0.0838193336,0.2621722846
3,71,0.1227953644,0.0847844556,0.2659176030
3,72,0.1207215789,0.0856190245,0.2696629213
3,73,0.1186324920,0.0864156087,0.2734082397
3,74,0.1165770283,0.0872959578,0.2771535581
3,75,0.1144816471,0.0880751067,0.2808988764
3,76,0.1123637319,0.0887928026,0.2846441948
3,77,0.1102550055,0.0895363212,0.2883895131
3,78,0.1081985117,0.0904142447,0.2921348315
3,79,0.1061188113,0.0912347153,0.2958801498
3,80,0.1040305770,0.0920334684,0.2996254682
3,81,0.1019750933,0.0929137690,0.3033707865
3,82,0.0998782066,0.0936888984,0.3071161049
3,83,0.0977602914,0.0944065943,0.3108614232
3,84,0.0956530705,0.0951541324,0.3146067416
3,85,0.0935971665,0.0960334408,0.3183520599
3,86,0.0915135266,0.0968436131,0.3220973783
3,87,0.0893966027,0.0975641360,0.3258426966
3,88,0.0872828292,0.0982936679,0.3295880150
3,89,0.0852136070,0.0991399117,0.3333333333
3,90,0.0831461018,0.0999904513,0.3370786517
3,91,0.0810327035,0.1007210561,0.3408239700
3,92,0.0789154044,0.1014405061,0.3445692884
3,93,0.0768304202,0.1022472564,0.3483146067
3,94,0.0747747699,0.1031271591,0.3520599251
3,95,0.0726690605,0.1038787328,0.3558052434
3,96,0.0705511453,0.1045964287,0.3595505618
3,97,0.0684527471,0.1053675225,0.3632958801
3,98,0.0663970968,0.1062474252,0.3670411985
3,99,0.0643055859,0.1070369061,0.3707865169
3,100,0.0621871959,0.1077531974,0.3745318352
3,101,0.0600642410,0.1084558499,0.3782771536
3,102,0.0579436828,0.1091656659,0.3820224719
3,103,0.0558227837,0.1098744554,0.3857677903
3,104,0.0537093180,0.1106048387,0.3895131086
3,105,0.0516495422,0.1114726266,0.3932584270
3,106,0.0496356279,0.1124445332,0.3970037453
3,107,0.0476073381,0.1133854646,0.4007490637
3,108,0.0455249665,0.1141956615,0.4044943820
3,109,0.0433619636,0.1147503878,0.4082397004
3,110,0.0411536190,0.1151017083,0.4119850187
3,111,0.0389417029,0.1154296651,0.4157303371
3,112,0.0367115457,0.1155815989,0.4194756554
3,113,0.0344864475,0.1153944493,0.4232209738
3,114,0.0323237581,0.1148377488,0.4269662921
3,115,0.0302938404,0.1139105503,0.4307116105
3,116,0.0284015752,0.1127211630,0.4344569288
3,117,0.0266203932,0.1113715303,0.4382022472
3,118,0.0251048774,0.1097343284,0.4419475655
3,119,0.0238728746,0.1078715809,0.4456928839
3,120,0.0228206039,0.1058990816,0.4494382022
3,121,0.0218798369,0.1038705947,0.4531835206
3,122,0.0210479240,0.1017951594,0.4569288390
3,123,0.0203022046,0.0996869901,0.4606741573
3,124,0.0195966453,0.0975650504,0.4644194757
3,125,0.0189655061,0.0954209732,0.4681647940
3,126,0.0186431985,0.0932114437,0.4719101124
3,127,0.0184087078,0.0909882431,0.4756554307
3,128,0.0178690168,0.0888196551,0.4794007491
3,129,0.0171756869,0.0866938220,0.4831460674
3,130,0.0165264148,0.0845547100,0.4868913858
3,131,0.0159922104,0.0823833056,0.4906367041
3,132,0.0154165715,0.0802227005,0.4943820225
3,133,0.0149071194,0.0780455398,0.4981273408
3,134,0.0143320833,0.0758847683,0.5018726592
3,135,0.0138234694,0.0737074014,0.5056179775
3,136,0.0132761389,0.0715398061,0.5093632959
3,137,0.0129282887,0.0693316394,0.5131086142
3,138,0.0124380687,0.0671517762,0.5168539326
3,139,0.0119047772,0.0649804699,0.5205992509
3,140,0.0113612780,0.0628117875,0.5243445693
3,141,0.0108162980,0.0606434737,0.5280898876
3,142,0.0102807481,0.0584728044,0.5318352060
3,143,0.0097277759,0.0563064868,0.5355805243
3,144,0.0092002181,0.0541338212,0.5393258427
3,145,0.0086389768,0.0519695636,0.5430711610
3,146,0.0081081231,0.0497978845,0.5468164794
3,147,0.0074323054,0.0476662816,0.5505617978
3,148,0.0067573119,0.0455344177,0.5543071161
3,149,0.0062310417,0.0433614885,0.5580524345
3,150,0.0056344816,0.0412071996,0.5617977528
3,151,0.0049166851,0.0390895619,0.5655430712
3,152,0.0040650452,0.0370225088,0.5692883895
3,153,0.0032166746,0.0349540540,0.5730337079
3,154,0.0024330668,0.0328599442,0.5767790262
3,155,0.0015133519,0.0308221971,0.5805243446
3,156,0.0005193964,0.0288190286,0.5842696629
3,157,-0.0004852958,0.0268212237,0.5880149813
3,158,-0.0015438837,0.0248519511,0.5917602996
3,159,-0.0027254576,0.0229540349,0.5955056180
3,160,-0.0039861932,0.0211072048,0.5992509363
3,161,-0.0053729416,0.0193547525,0.6029962547
3,162,-0.0068959169,0.0177179172,0.6067415730
3,163,-0.0084703046,0.0161299067,0.6104868914
3,164,-0.0100674363,0.0145648033,0.6142322097
3,165,-0.0117319695,0.0130727476,0.6179775281
3,166,-0.0135276332,0.0117412813,0.6217228464
3,167,-0.0153782528,0.0104860183,0.6254681648
3,168,-0.0172409971,0.0092487647,0.6292134831
3,169,-0.0191168507,0.0080316639,0.6329588015
3,170,-0.0210871915,0.0069793613,0.6367041199
3,171,-0.0231679312,0.0061627818,0.6404494382
3,172,-0.0252430503,0.0053308901,0.6441947566
3,173,-0.0273025331,0.0044602895,0.6479400749
3,174,-0.0294165773,0.0037317860,0.6516853933
3,175,-0.0315655715,0.0031159514,0.6554307116
3,176,-0.0337424940,0.0026054487,0.6591760300
3,177,-0.0359105737,0.0020601781,0.6629213483
3,178,-0.0381198394,0.0017183400,0.6666666667
3,179,-0.0402993314,0.0012247054,0.6704119850
3,180,-0.0424935688,0.0008117507,0.6741573034
3,181,-0.0447256190,0.0006877894,0.6779026217
3,182,-0.0469391574,0.0003995685,0.6816479401
3,183,-0.0491128168,-0.0001226691,0.6853932584
3,184,-0.0513309502,-0.0003715263,0.6891385768
3,185,-0.0535668021,-0.0003990220,0.6928838951
3,186,-0.0558030170,-0.0003996480,0.6966292135
3,187,-0.0580392321,-0.0003996480,0.7003745318
3,188,-0.0602754472,-0.0003996480,0.7041198502
3,189,-0.0625116624,-0.0003996480,0.7078651685
3,190,-0.0647478775,-0.0003996480,0.7116104869
3,191,-0.0669840926,-0.0003996480,0.7153558052
3,192,-0.0692203078,-0.0003996480,0.7191011236
3,193,-0.0714565226,-0.0003989319,0.7228464419
3,194,-0.0736923178,-0.0003683730,0.7265917603
3,195,-0.0759085852,-0.0001044098,0.7303370787
3,196,-0.0780822430,0.0004178351,0.7340823970
3,197,-0.0802976226,0.0006916071,0.7378277154
3,198,-0.0825292221,0.0008214102,0.7415730337
3,199,-0.0847200752,0.0012511052,0.7453183521
3,200,-0.0868884349,0.0017964237,0.7490636704
3,201,-0.0890606660,0.0023257100,0.7528089888
3,202,-0.0912247599,0.0028877571,0.7565543071
3,203,-0.0933823971,0.0034682095,0.7602996255
3,204,-0.0954361215,0.0043503023,0.7640449438
3,205,-0.0974403643,0.0053420624,0.7677902622
3,206,-0.0994385596,0.0063459782,0.7715355805
3,207,-0.1014117090,0.0073974299,0.7752808989
3,208,-0.1033144199,0.0085713275,0.7790262172
3,209,-0.1051627199,0.0098299123,0.7827715356
3,210,-0.1069255376,0.0112035204,0.7865168539
3,211,-0.1085662545,0.0127223059,0.7902621723
3,212,-0.1101575700,0.0142933530,0.7940074906
3,213,-0.1117389790,0.0158744295,0.7977528090
3,214,-0.1133158704,0.0174600081,0.8014981273
3,215,-0.1148498800,0.0190865976,0.8052434457
3,216,-0.1162678413,0.0208143197,0.8089887640
3,217,-0.1175361882,0.0226558346,0.8127340824
3,218,-0.1187396728,0.0245401180,0.8164794007
3,219,-0.1198484678,0.0264819355,0.8202247191
3,220,-0.1210082135,0.0283935415,0.8239700375
3,221,-0.1221688776,0.0303041382,0.8277153558
3,222,-0.1231180907,0.0323259811,0.8314606742
3,223,-0.1239010570,0.0344204962,0.8352059925
3,224,-0.1248117249,0.0364623576,0.8389513109
3,225,-0.1257779613,0.0384789907,0.8426966292
3,226,-0.1266242643,0.0405478787,0.8464419476
3,227,-0.1274153887,0.0426390947,0.8501872659
3,228,-0.1282958457,0.0446945138,0.8539325843
3,229,-0.1290839102,0.0467865551,0.8576779026
3,230,-0.1298000742,0.0489049876,0.8614232210
3,231,-0.1305027250,0.0510279431,0.8651685393
3,232,-0.1312125409,0.0531485013,0.8689138577
3,233,-0.1319206767,0.0552696216,0.8726591760
3,234,-0.1326249247,0.0573920425,0.8764044944
3,235,-0.1333347406,0.0595126007,0.8801498127
3,236,-0.1340405897,0.0616344862,0.8838951311
3,237,-0.1347437270,0.0637572587,0.8876404494
3,238,-0.1354002637,0.0658944710,0.8913857678
3,239,-0.1359157946,0.0680701261,0.8951310861
3,240,-0.1364909048,0.0702308791,0.8988764045
3,241,-0.1370001698,0.0724080836,0.9026217228
3,242,-0.1375667234,0.0745711560,0.9063670412
3,243,-0.1379695580,0.0767692467,0.9101123596
3,244,-0.1383695095,0.0789678983,0.9138576779
3,245,-0.1389016229,0.0811393080,0.9176029963
3,246,-0.1392318098,0.0833507085,0.9213483146
3,247,-0.1397444362,0.0855262431,0.9250936330
3,248,-0.1401724380,0.0877192048,0.9288389513
3,249,-0.1405553202,0.0899209757,0.9325842697
3,250,-0.1410874335,0.0920923854,0.9363295880
3,251,-0.1414347534,0.0943006574,0.9400749064
3,252,-0.1419252318,0.0964804629,0.9438202247
3,253,-0.1424647249,0.0986503545,0.9475655431
3,254,-0.1431256868,0.1007818119,0.9513108614
3,255,-0.1442046133,0.1027333059,0.9550561798
3,256,-0.1456306768,0.1044522312,0.9588014981
3,257,-0.1472873953,0.1059491689,0.9625468165
3,258,-0.1491569884,0.1071699133,0.9662921348
3,259,-0.1512207385,0.1080268855,0.9700374532
3,260,-0.1533505285,0.1087071235,0.9737827715
3,261,-0.1555560386,0.1089891915,0.9775280899
3,262,-0.1577084089,0.1084477302,0.9812734082
3,263,-0.1596943682,0.1074252685,0.9850187266
3,264,-0.1616445938,0.1063315443,0.9887640449
3,265,-0.1636410320,0.1053251487,0.9925093633
3,266,-0.1656424628,0.1043285424,0.9962546816
3,267,-0.1675093382,0.1031028363,1.0000000000
4,0,0.2131988181,-0.1274421343,0.0000000000
4,1,0.2123506527,-0.1294968334,0.0044642857
4,2,0.2109738204,-0.1312595772,0.0089285714
4,3,0.2094173533,-0.1328710311,0.0133928571
4,4,0.2078364081,-0.1344586299,0.0178571429
4,5,0.2062539918,-0.1360447650,0.0223214286
4,6,0.2046870169,-0.1376460770,0.0267857143
4,7,0.2031960395,-0.1393172916,0.0312500000
4,8,0.2018401577,-0.1411005451,0.0357142857
4,9,0.2004513987,-0.1428579492,0.0401785714
4,10,0.1989957814,-0.1445611967,0.0446428571
4,11,0.1976308017,-0.1463372626,0.0491071429
4,12,0.1962935780,-0.1481348367,0.0535714286
4,13,0.1949287406,-0.1499115250,0.0580357143
4,14,0.1936069073,-0.1517204317,0.0625000000
4,15,0.1922433534,-0.1534981034,0.0669642857
4,16,0.1909068822,-0.1552961716,0.0714285714
4,17,0.1895724199,-0.1570957455,0.0758928571
4,18,0.1882078847,-0.1588726660,0.0803571429
4,19,0.1868860514,-0.1606815727,0.0848214286
4,20,0.1855221980,-0.1624590143,0.0892857143
4,21,0.1841831830,-0.1642552397,0.0937500000
4,22,0.1828221376,-0.1660344055,0.0982142857
4,23,0.1813665227,-0.1677376552,0.1026785714
4,24,0.1799740793,-0.1694921412,0.1071428571
4,25,0.1786199119,-0.1712766969,0.1116071429
4,26,0.1771334935,-0.1729518702,0.1160714286
4,27,0.1755637831,-0.1745504587,0.1205357143
4,28,0.1739517350,-0.1761061198,0.1250000000
4,29,0.1722413544,-0.1775517735,0.1294642857
4,30,0.1704508674,-0.1788981765,0.1339285714
4,31,0.1687181733,-0.1803177208,0.1383928571
4,32,0.1670005738,-0.1817557552,0.1428571429
4,33,0.1652098109,-0.1831018551,0.1473214286
4,34,0.1634771315,-0.1845207501,0.1517857143
4,35,0.1618398605,-0.1860497281,0.1562500000
4,36,0.1602049039,-0.1875812151,0.1607142857
4,37,0.1584771796,-0.1890061849,0.1651785714
4,38,0.1566883588,-0.1903547620,0.1696428571
4,39,0.1549952982,-0.1918206778,0.1741071429
4,40,0.1533906195,-0.1933842106,0.1785714286
4,41,0.1518037772,-0.1949659164,0.1830357143
4,42,0.1502194157,-0.1965501111,0.1875000000
4,43,0.1486351376,-0.1981343892,0.1919642857
4,44,0.1470508595,-0.1997186673,0.1964285714
4,45,0.1454665814,-0.2013029454,0.2008928571
4,46,0.1438823033,-0.2028872235,0.2053571429
4,47,0.1422980471,-0.2044715235,0.2098214286
4,48,0.1407142897,-0.2060563221,0.2142857143
4,49,0.1391400770,-0.2076505454,0.2187500000
4,50,0.1376176321,-0.2092937384,0.2232142857
4,51,0.1362264215,-0.2110488034,0.2276785714
4,52,0.1348659789,-0.2128286040,0.2321428571
4,53,0.1333641931,-0.2144904213,0.2366071429
4,54,0.1317996090,-0.2160941038,0.2410714286
4,55,0.1302554073,-0.2177170594,0.2455357143
4,56,0.1288201928,-0.2194361621,0.2500000000
4,57,0.1274878867,-0.2212372829,0.2544642857
4,58,0.1261208932,-0.2230123262,0.2589285714
4,59,0.1247869787,-0.2248123877,0.2633928571
4,60,0.1234140340,-0.2265821782,0.2678571429
4,61,0.1219589426,-0.2282858749,0.2723214286
4,62,0.1205916334,-0.2300595448,0.2767857143
4,63,0.1193247417,-0.2319074207,0.2812500000
4,64,0.1180625387,-0.2337585324,0.2857142857
4,65,0.1167344503,-0.2355625202,0.2901785714
4,66,0.1153781867,-0.2373457126,0.2946428571
4,67,0.1141038627,-0.2391883133,0.2991071429
4,68,0.1128555231,-0.2410488198,0.3035714286
4,69,0.1116190991,-0.2429172761,0.3080357143
4,70,0.1104288506,-0.2448149914,0.3125000000
4,71,0.1093180981,-0.2467606372,0.3169642857
4,72,0.1081471958,-0.2486704517,0.3214285714
4,73,0.1069726682,-0.2505780546,0.3258928571
4,74,0.1058623762,-0.2525239686,0.3303571429
4,75,0.1046857994,-0.2544303248,0.3348214286
4,76,0.1035223028,-0.2563445522,0.3392857143
4,77,0.1024775838,-0.2583262485,0.3437500000
4,78,0.1014691590,-0.2603269822,0.3482142857
4,79,0.1004269167,-0.2623100229,0.3526785714
4,80,0.0992651351,-0.2642252916,0.3571428571
4,81,0.0980909895,-0.2661330667,0.3616071429
4,82,0.0970274873,-0.2681046400,0.3660714286
4,83,0.0959835359,-0.2700868922,0.3705357143
4,84,0.0948236654,-0.2720033196,0.3750000000
4,85,0.0936438729,-0.2739077154,0.3794642857
4,86,0.0925332875,-0.2758534593,0.3839285714
4,87,0.0913556190,-0.2777589997,0.3883928571
4,88,0.0900962231,-0.2796119160,0.3928571429
4,89,0.0887176748,-0.2813758393,0.3973214286
4,90,0.0871370082,-0.2829611873,0.4017857143
4,91,0.0853801318,-0.2843484987,0.4062500000
4,92,0.0835286487,-0.2856100266,0.4107142857
4,93,0.0816223989,-0.2867863569,0.4151785714
4,94,0.0796454420,-0.2878397880,0.4196428571
4,95,0.0776435471,-0.2888459030,0.4241071429
4,96,0.0756395549,-0.2898478458,0.4285714286
4,97,0.0736327276,-0.2908440849,0.4330357143
4,98,0.0715937196,-0.2917713734,0.4375000000
4,99,0.0694973345,-0.2925609260,0.4419642857
4,100,0.0674225734,-0.2934051284,0.4464285714
4,101,0.0653540823,-0.2942647541,0.4508928571
4,102,0.0632372577,-0.2949985643,0.4553571429
4,103,0.0611153061,-0.2957177126,0.4598214286
4,104,0.0590246424,-0.2965216625,0.4642857143
4,105,0.0569650238,-0.2974032017,0.4687500000
4,106,0.0548574032,-0.2981618985,0.4732142857
4,107,0.0527339640,-0.2988766238,0.4776785714
4,108,0.0506079159,-0.2995835599,0.4821428571
4,109,0.0484822872,-0.3002917489,0.4866071429
4,110,0.0463576539,-0.3010029134,0.4910714286
4,111,0.0442308664,-0.3017076387,0.4955357143
4,112,0.0421059625,-0.3024179944,0.5000000000
4,113,0.0399811131,-0.3031285129,0.5044642857
4,114,0.0378542712,-0.3038330753,0.5089285714
4,115,0.0357296378,-0.3045442398,0.5133928571
4,116,0.0336042885,-0.3052532579,0.5178571429
4,117,0.0314855006,-0.3059814400,0.5223214286
4,118,0.0294087078,-0.3068203013,0.5267857143
4,119,0.0273406943,-0.3076811272,0.5312500000
4,120,0.0252239157,-0.3084150629,0.5357142857
4,121,0.0230993472,-0.3091264119,0.5401785714
4,122,0.0209747957,-0.3098378116,0.5446428571
4,123,0.0188580612,-0.3105718737,0.5491071429
4,124,0.0167902405,-0.3114331822,0.5535714286
4,125,0.0147132549,-0.3122715609,0.5580357143
4,126,0.0125945792,-0.3130000776,0.5625000000
4,127,0.0104746056,-0.3137248778,0.5669642857
4,128,0.0083956970,-0.3145577177,0.5714285714
4,129,0.0063748106,-0.3155250081,0.5758928571
4,130,0.0043311925,-0.3164422314,0.5803571429
4,131,0.0022320532,-0.3172247737,0.5848214286
4,132,0.0001611950,-0.3180786526,0.5892857143
4,133,-0.0019102421,-0.3189310960,0.5937500000
4,134,-0.0040089733,-0.3197146773,0.5982142857
4,135,-0.0060520444,-0.3206331083,0.6026785714
4,136,-0.0080730410,-0.3216001695,0.6071428571
4,137,-0.0101506688,-0.3224366738,0.6116071429
4,138,-0.0122418054,-0.3232396107,0.6160714286
4,139,-0.0142732577,-0.3241834622,0.6205357143
4,140,-0.0162793946,-0.3251810917,0.6250000000
4,141,-0.0182833989,-0.3261830102,0.6294642857
4,142,-0.0202873680,-0.3271849993,0.6339285714
4,143,-0.0222916215,-0.3281864191,0.6383928571
4,144,-0.0243036147,-0.3291720225,0.6428571429
4,145,-0.0263605780,-0.3300579640,0.6473214286
4,146,-0.0284618866,-0.3308350363,0.6517857143
4,147,-0.0305078787,-0.3317469310,0.6562500000
4,148,-0.0325160389,-0.3327404414,0.6607142857
4,149,-0.0345201641,-0.3337421180,0.6651785714
4,150,-0.0365243018,-0.3347437697,0.6696428571
4,151,-0.0385328344,-0.3357365118,0.6741071429
4,152,-0.0405794645,-0.3366469733,0.6785714286
4,153,-0.0426817043,-0.3374216210,0.6830357143
4,154,-0.0447481855,-0.3382863607,0.6875000000
4,155,-0.0468258524,-0.3391229858,0.6919642857
4,156,-0.0489510435,-0.3398317250,0.6964285714
4,157,-0.0511151610,-0.3404078828,0.7008928571
4,158,-0.0532919789,-0.3409368507,0.7053571429
4,159,-0.0554765919,-0.3414219784,0.7098214286
4,160,-0.0577113579,-0.3415561688,0.7142857143
4,161,-0.0599518406,-0.3415637370,0.7187500000
4,162,-0.0621923480,-0.3415634202,0.7232142857
4,163,-0.0644326371,-0.3415437351,0.7276785714
4,164,-0.0666597246,-0.3413325015,0.7321428571
4,165,-0.0688369436,-0.3408066703,0.7366071429
4,166,-0.0710420443,-0.3404180740,0.7410714286
4,167,-0.0732374275,-0.3399828154,0.7455357143
4,168,-0.0753747718,-0.3393111070,0.7500000000
4,169,-0.0774995838,-0.3386004973,0.7544642857
4,170,-0.0796157589,-0.3378648541,0.7589285714
4,171,-0.0816714407,-0.3369759882,0.7633928571
4,172,-0.0836810174,-0.3359855159,0.7678571429
4,173,-0.0856611339,-0.3349379335,0.7723214286
4,174,-0.0875701268,-0.3337660587,0.7767857143
4,175,-0.0894267825,-0.3325121152,0.7812500000
4,176,-0.0912318337,-0.3311855038,0.7857142857
4,177,-0.0930108995,-0.3298237514,0.7901785714
4,178,-0.0948076491,-0.3284857566,0.7946428571
4,179,-0.0965138229,-0.3270350971,0.7991071429
4,180,-0.0981233841,-0.3254767000,0.8035714286
4,181,-0.0997107658,-0.3238955358,0.8080357143
4,182,-0.1012952116,-0.3223114254,0.8125000000
4,183,-0.1028794897,-0.3207271473,0.8169642857
4,184,-0.1044637678,-0.3191428692,0.8214285714
4,185,-0.1060480459,-0.3175585911,0.8258928571
4,186,-0.1076323240,-0.3159743131,0.8303571429
4,187,-0.1092166167,-0.3143900496,0.8348214286
4,188,-0.1108013383,-0.3128062152,0.8392857143
4,189,-0.1123926709,-0.3112290568,0.8437500000
4,190,-0.1140296520,-0.3096999083,0.8482142857
4,191,-0.1157710903,-0.3082918737,0.8526785714
4,192,-0.1175591435,-0.3069421894,0.8571428571
4,193,-0.1192726128,-0.3054990841,0.8616071429
4,194,-0.1210135270,-0.3040898089,0.8660714286
4,195,-0.1228502474,-0.3028072896,0.8705357143
4,196,-0.1247104928,-0.3015585637,0.8750000000
4,197,-0.1265789827,-0.3003221906,0.8794642857
4,198,-0.1284790513,-0.2991358750,0.8839285714
4,199,-0.1304500131,-0.2980714057,0.8883928571
4,200,-0.1324513906,-0.2970642625,0.8928571429
4,201,-0.1344553590,-0.2960622722,0.8973214286
4,202,-0.1364616844,-0.2950650224,0.9017857143
4,203,-0.1384951625,-0.2941256116,0.9062500000
4,204,-0.1405877973,-0.2933265115,0.9107142857
4,205,-0.1426678612,-0.2924954625,0.9151785714
4,206,-0.1447305039,-0.2916212014,0.9196428571
4,207,-0.1468437575,-0.2908770717,0.9241071429
4,208,-0.1489518324,-0.2901186684,0.9285714286
4,209,-0.1509803250,-0.2891796338,0.9330357143
4,210,-0.1526778033,-0.2877582854,0.9375000000
4,211,-0.1539288612,-0.2859284450,0.9419642857
4,212,-0.1549143485,-0.2839170053,0.9464285714
4,213,-0.1556511796,-0.2818011239,0.9508928571
4,214,-0.1564063779,-0.2796919349,0.9553571429
4,215,-0.1572034603,-0.2775980070,0.9598214286
4,216,-0.1583856527,-0.2757101001,0.9642857143
4,217,-0.1600020214,-0.2742132834,0.9687500000
4,218,-0.1619291972,-0.2730813915,0.9732142857
4,219,-0.1639535542,-0.2721221361,0.9776785714
4,220,-0.1659075595,-0.2710312435,0.9821428571
4,221,-0.1673909138,-0.2693851418,0.9866071429
4,222,-0.1680461762,-0.2672650035,0.9910714286
4,223,-0.1681668826,-0.2650297171,0.9955357143
4,224,-0.1681727945,-0.2627892288,1.0000000000
5,0,-0.2169153088,0.0070099657,0.0000000000
5,1,-0.2189786785,0.0061480556,0.0045662100
5,2,-0.2210450717,0.0052913091,0.0091324201
5,3,-0.2230635720,0.0043254530,0.0136986301
5,4,-0.2251204982,0.0034469359,0.0182648402
5,5,-0.2272821988,0.0028745921,0.0228310502
5,6,-0.2294487222,0.0023154576,0.0273972603
5,7,-0.2316415115,0.0018796428,0.0319634703
5,8,-0.2338453255,0.0014994861,0.0365296804
5,9,-0.2360196652,0.0009734711,0.0410958904
5,10,-0.2382416037,0.0007431109,0.0456621005
5,11,-0.2404790439,0.0007194350,0.0502283105
5,12,-0.2427167763,0.0007189231,0.0547945205
5,13,-0.2449545089,0.0007189231,0.0593607306
5,14,-0.2471922415,0.0007189231,0.0639269406
5,15,-0.2494299741,0.0007189231,0.0684931507
5,16,-0.2516677067,0.0007189231,0.0730593607
5,17,-0.2539054389,0.0007197644,0.0776255708
5,18,-0.2561426719,0.0007546353,0.0821917808
5,19,-0.2583577976,0.0010401719,0.0867579909
5,20,-0.2605327901,0.0015634102,0.0913242009
5,21,-0.2627503457,0.0018424258,0.0958904110
5,22,-0.2649599335,0.0021658630,0.1004566210
5,23,-0.2670636839,0.0029171042,0.1050228311
5,24,-0.2691318480,0.0037706314,0.1095890411
5,25,-0.2712301611,0.0045476833,0.1141552511
5,26,-0.2732728908,0.0054600804,0.1187214612
5,27,-0.2752751321,0.0064592300,0.1232876712
5,28,-0.2772304864,0.0075452207,0.1278538813
5,29,-0.2790453723,0.0088494539,0.1324200913
5,30,-0.2806953465,0.0103603199,0.1369863014
5,31,-0.2822852652,0.0119348745,0.1415525114
5,32,-0.2838175635,0.0135651247,0.1461187215
5,33,-0.2852296636,0.0152995058,0.1506849315
5,34,-0.2864952240,0.0171448766,0.1552511416
5,35,-0.2876916837,0.0190352830,0.1598173516
5,36,-0.2887640109,0.0209988180,0.1643835616
5,37,-0.2897706290,0.0229973527,0.1689497717
5,38,-0.2907664461,0.0250012909,0.1735159817
5,39,-0.2917007858,0.0270340335,0.1780821918
5,40,-0.2924959051,0.0291252516,0.1826484018
5,41,-0.2933298365,0.0312011630,0.1872146119
5,42,-0.2941985263,0.0332630417,0.1917808219
5,43,-0.2949266196,0.0353788322,0.1963470320
5,44,-0.2955402327,0.0375300587,0.2009132420
5,45,-0.2960517623,0.0397082927,0.2054794521
5,46,-0.2966272541,0.0418705145,0.2100456621
5,47,-0.2971431708,0.0440476373,0.2146118721
5,48,-0.2977995887,0.0461864879,0.2191780822
5,49,-0.2984757074,0.0483195556,0.2237442922
5,50,-0.2989643551,0.0505001787,0.2283105023
5,51,-0.2993260459,0.0527073879,0.2328767123
5,52,-0.2998584862,0.0548802795,0.2374429224
5,53,-0.3002279165,0.0570860501,0.2420091324
5,54,-0.3006779692,0.0592760420,0.2465753425
5,55,-0.3011479851,0.0614611159,0.2511415525
5,56,-0.3012972995,0.0636927376,0.2557077626
5,57,-0.3015230806,0.0659157569,0.2602739726
5,58,-0.3020456660,0.0680908937,0.2648401826
5,59,-0.3023596646,0.0703025035,0.2694063927
5,60,-0.3024003068,0.0725396297,0.2739726027
5,61,-0.3024013180,0.0747773618,0.2785388128
5,62,-0.3024013180,0.0770150945,0.2831050228
5,63,-0.3024013180,0.0792528271,0.2876712329
5,64,-0.3024013180,0.0814905597,0.2922374429
5,65,-0.3024013180,0.0837282923,0.2968036530
5,66,-0.3024013180,0.0859660249,0.3013698630
5,67,-0.3024009752,0.0882037574,0.3059360731
5,68,-0.3023830500,0.0904413040,0.3105022831
5,69,-0.3021807641,0.0926666950,0.3150684932
5,70,-0.3016438508,0.0948382284,0.3196347032
5,71,-0.3011333505,0.0970167165,0.3242009132
5,72,-0.3005198055,0.0991679629,0.3287671233
5,73,-0.2997908071,0.1012834307,0.3333333333
5,74,-0.2988956289,0.1033334915,0.3378995434
5,75,-0.2979037089,0.1053392655,0.3424657534
5,76,-0.2968404690,0.1073074433,0.3470319635
5,77,-0.2955965559,0.1091658523,0.3515981735
5,78,-0.2942355872,0.1109420514,0.3561643836
5,79,-0.2928730330,0.1127162874,0.3607305936
5,80,-0.2912899136,0.1142916627,0.3652968037
5,81,-0.2895117614,0.1156494555,0.3698630137
5,82,-0.2877398156,0.1170159489,0.3744292237
5,83,-0.2859233292,0.1183221840,0.3789954338
5,84,-0.2840605236,0.1195618626,0.3835616438
5,85,-0.2821402130,0.1207092957,0.3881278539
5,86,-0.2801389292,0.1217096222,0.3926940639
5,87,-0.2780633788,0.1225438174,0.3972602740
5,88,-0.2759753761,0.1233471481,0.4018264840
5,89,-0.2739455225,0.1242880400,0.4063926941
5,90,-0.2719189796,0.1252362285,0.4109589041
5,91,-0.2698295959,0.1260352349,0.4155251142
5,92,-0.2677098571,0.1267522780,0.4200913242
5,93,-0.2655831661,0.1274484098,0.4246575342
5,94,-0.2634330299,0.1280658483,0.4292237443
5,95,-0.2612549172,0.1285778568,0.4337899543
5,96,-0.2590926785,0.1291532812,0.4383561644
5,97,-0.2569138598,0.1296623449,0.4429223744
5,98,-0.2547453516,0.1302124201,0.4474885845
5,99,-0.2525369214,0.1305672339,0.4520547945
5,100,-0.2503518742,0.1310413557,0.4566210046
5,101,-0.2481608592,0.1314794999,0.4611872146
5,102,-0.2459273558,0.1315915226,0.4657534247
5,103,-0.2436936908,0.1317009480,0.4703196347
5,104,-0.2415017541,0.1321343810,0.4748858447
5,105,-0.2393133944,0.1325869672,0.4794520548
5,106,-0.2370803958,0.1327039281,0.4840182648
5,107,-0.2348426833,0.1327102443,0.4885844749
5,108,-0.2326049507,0.1327103045,0.4931506849
5,109,-0.2303672181,0.1327103045,0.4977168950
5,110,-0.2281294855,0.1327103045,0.5022831050
5,111,-0.2258917528,0.1327103045,0.5068493151
5,112,-0.2236540202,0.1327103045,0.5114155251
5,113,-0.2214162876,0.1327103045,0.5159817352
5,114,-0.2191785552,0.1327097435,0.5205479452
5,115,-0.2169411459,0.1326844030,0.5251141553
5,116,-0.2147202144,0.1324458663,0.5296803653
5,117,-0.2125450698,0.1319233174,0.5342465753
5,118,-0.2103312479,0.1316253569,0.5388127854
5,119,-0.2080974020,0.1315049808,0.5433789954
5,120,-0.2059008724,0.1310969666,0.5479452055
5,121,-0.2037328491,0.1305439082,0.5525114155
5,122,-0.2015603791,0.1300101276,0.5570776256
5,123,-0.1994279149,0.1293320350,0.5616438356
5,124,-0.1973054843,0.1286230429,0.5662100457
5,125,-0.1951814906,0.1279187040,0.5707762557
5,126,-0.1930715014,0.1271738273,0.5753424658
5,127,-0.1910467600,0.1262287741,0.5799086758
5,128,-0.1891523066,0.1250399534,0.5844748858
5,129,-0.1873680764,0.1236917908,0.5890410959
5,130,-0.1858401851,0.1220636662,0.5936073059
5,131,-0.1846116252,0.1201975879,0.5981735160
5,132,-0.1835780346,0.1182130457,0.6027397260
5,133,-0.1826084335,0.1161964790,0.6073059361
5,134,-0.1818759878,0.1140873196,0.6118721461
5,135,-0.1816207605,0.1118697901,0.6164383562
5,136,-0.1815961703,0.1096323734,0.6210045662
5,137,-0.1815956468,0.1073946410,0.6255707763
5,138,-0.1815964743,0.1051569088,0.6301369863
5,139,-0.1816308715,0.1029196670,0.6347031963
5,140,-0.1819140722,0.1007042528,0.6392694064
5,141,-0.1824372975,0.0985292576,0.6438356164
5,142,-0.1827174456,0.0963119097,0.6484018265
5,143,-0.1830099515,0.0940963203,0.6529680365
5,144,-0.1835336965,0.0919214409,0.6575342466
5,145,-0.1838284087,0.0897061654,0.6621004566
5,146,-0.1841063914,0.0874885124,0.6666666667
5,147,-0.1846337951,0.0853144765,0.6712328767
5,148,-0.1850071676,0.0831094227,0.6757990868
5,149,-0.1854544349,0.0809190276,0.6803652968
5,150,-0.1860062909,0.0787507351,0.6849315068
5,151,-0.1865299486,0.0765755342,0.6894977169
5,152,-0.1870953894,0.0744107676,0.6940639269
5,153,-0.1876111167,0.0722335810,0.6986301370
5,154,-0.1881756314,0.0700685779,0.7031963470
5,155,-0.1885831080,0.0678683937,0.7077625571
5,156,-0.1889346244,0.0656585585,0.7123287671
5,157,-0.1892214769,0.0634394866,0.7168949772
5,158,-0.1894868757,0.0612175495,0.7214611872
5,159,-0.1898561206,0.0590115768,0.7260273973
5,160,-0.1904856624,0.0568648233,0.7305936073
5,161,-0.1912681337,0.0547692401,0.7351598174
5,162,-0.1921490918,0.0527123862,0.7397260274
5,163,-0.1929409888,0.0506198430,0.7442922374
5,164,-0.1937875224,0.0485494085,0.7488584475
5,165,-0.1947544003,0.0465314002,0.7534246575
5,166,-0.1956648044,0.0444877805,0.7579908676
5,167,-0.1964138476,0.0423795209,0.7625570776
5,168,-0.1971321091,0.0402601950,0.7671232877
5,169,-0.1979130518,0.0381639884,0.7716894977
5,170,-0.1988502345,0.0361325571,0.7762557078
5,171,-0.1998461883,0.0341286863,0.7808219178
5,172,-0.2008468625,0.0321271623,0.7853881279
5,173,-0.2018476107,0.0301256753,0.7899543379
5,174,-0.2028483589,0.0281241882,0.7945205479
5,175,-0.2038491071,0.0261227012,0.7990867580
5,176,-0.2048497095,0.0241211413,0.8036529680
5,177,-0.2058444853,0.0221166857,0.8082191781
5,178,-0.2067676666,0.0200788528,0.8127853881
5,179,-0.2075546581,0.0179844249,0.8173515982
5,180,-0.2084219772,0.0159228236,0.8219178082
5,181,-0.2094438194,0.0139327520,0.8264840183
5,182,-0.2106027099,0.0120189410,0.8310502283
5,183,-0.2117432331,0.0100947362,0.8356164384
5,184,-0.2127042583,0.0080756542,0.8401826484
5,185,-0.2134613286,0.0059711702,0.8447488584
5,186,-0.2139959770,0.0037986138,0.8493150685
5,187,-0.2145695487,0.0016379657,0.8538812785
5,188,-0.2154501862,-0.0004179298,0.8584474886
5,189,-0.2164165997,-0.0024361629,0.8630136986
5,190,-0.2173037692,-0.0044900965,0.8675799087
5,191,-0.2180083898,-0.0066127978,0.8721461187
5,192,-0.2185247250,-0.0087895959,0.8767123288
5,193,-0.2190480197,-0.0109648575,0.8812785388
5,194,-0.2195037363,-0.0131524100,0.8858447489
5,195,-0.2196206895,-0.0153854066,0.8904109589
5,196,-0.2196270017,-0.0176231191,0.8949771689
5,197,-0.2196265040,-0.0198608515,0.8995433790
5,198,-0.2196012687,-0.0220982628,0.9041095890
5,199,-0.2193627308,-0.0243191576,0.9086757991
5,200,-0.2188190370,-0.0264891216,0.9132420091
5,201,-0.2183071138,-0.0286672500,0.9178082192
5,202,-0.2176821377,-0.0308151991,0.9223744292
5,203,-0.2169845542,-0.0329414089,0.9269406393
5,204,-0.2162665216,-0.0350608136,0.9315068493
5,205,-0.2154292106,-0.0371345088,0.9360730594
5,206,-0.2143226505,-0.0390773359,0.9406392694
5,207,-0.2130844257,-0.0409410040,0.9452054795
5,208,-0.2117491581,-0.0427355866,0.9497716895
5,209,-0.2102116919,-0.0443583864,0.9543378995
5,210,-0.2084982426,-0.0457950178,0.9589041096
5,211,-0.2066570271,-0.0470663662,0.9634703196
5,212,-0.2047707205,-0.0482693883,0.9680365297
5,213,-0.2028104342,-0.0493476918,0.9726027397
5,214,-0.2008093307,-0.0503491550,0.9771689498
5,215,-0.1987727997,-0.0512751271,0.9817351598
5,216,-0.1966697390,-0.0520374124,0.9863013699
5,217,-0.1945224416,-0.0526617045,0.9908675799
5,218,-0.1923068819,-0.0529407174,0.9954337900
5,219,-0.1900696041,-0.0529723865,1.0000000000
6,0,0.2114973953,-0.1245610322,0.0000000000
6,1,0.2092616037,-0.1245610322,0.0047393365
6,2,0.2070258121,-0.1245609750,0.0094786730
6,3,0.2047900396,-0.1245549208,0.0142180095
6,4,0.2025587649,-0.1244416971,0.0189573460
6,5,0.2003712750,-0.1239950230,0.0236966825
6,6,0.1981830408,-0.1235509113,0.0284360190
6,7,0.1959576910,-0.1233409150,0.0331753555
6,8,0.1937690089,-0.1229006915,0.0379146919
6,9,0.1916015694,-0.1223531518,0.0426540284
6,10,0.1894520506,-0.1217476802,0.0473933649
6,11,0.1874045176,-0.1208525421,0.0521327014
6,12,0.1854048786,-0.1198525078,0.0568720379
6,13,0.1834590563,-0.1187534828,0.0616113744
6,14,0.1816663003,-0.1174228660,0.0663507109
6,15,0.1800402669,-0.1158896974,0.0710900474
6,16,0.1785493544,-0.1142254678,0.0758293839
6,17,0.1772241711,-0.1124257325,0.0805687204
6,18,0.1759883172,-0.1105627429,0.0853080569
6,19,0.1748539381,-0.1086371155,0.0900473934
6,20,0.1738698024,-0.1066302603,0.0947867299
6,21,0.1731946922,-0.1045032955,0.0995260664
6,22,0.1734471981,-0.1024021358,0.1042654028
6,23,0.1756204556,-0.1025222384,0.1090047393
6,24,0.1777179119,-0.1032964740,0.1137440758
6,25,0.1798046532,-0.1040960778,0.1184834123
6,26,0.1818220374,-0.1050598853,0.1232227488
6,27,0.1838394216,-0.1060236928,0.1279620853
6,28,0.1858568059,-0.1069875003,0.1327014218
6,29,0.1878741901,-0.1079513078,0.1374407583
6,30,0.1898839959,-0.1089306500,0.1421800948
6,31,0.1918853442,-0.1099273289,0.1469194313
6,32,0.1938866926,-0.1109240079,0.1516587678
6,33,0.1958880409,-0.1119206868,0.1563981043
6,34,0.1978893892,-0.1129173658,0.1611374408
6,35,0.1998907375,-0.1139140447,0.1658767773
6,36,0.2018992547,-0.1148960238,0.1706161137
6,37,0.2039168775,-0.1158593318,0.1753554502
6,38,0.2059345003,-0.1168226399,0.1800947867
6,39,0.2079521230,-0.1177859479,0.1848341232
6,40,0.2099697458,-0.1187492559,0.1895734597
6,41,0.2120114533,-0.1196577686,0.1943127962
6,42,0.2140854251,-0.1204928763,0.1990521327
6,43,0.2161593969,-0.1213279841,0.2037914692
6,44,0.2183015222,-0.1219438919,0.2085308057
6,45,0.2205045880,-0.1221952036,0.2132701422
6,46,0.2226885865,-0.1217627619,0.2180094787
6,47,0.2248179104,-0.1210812872,0.2227488152
6,48,0.2269374558,-0.1203697944,0.2274881517
6,49,0.2290444423,-0.1196228784,0.2322274882
6,50,0.2310862684,-0.1187132600,0.2369668246
6,51,0.2330904756,-0.1177223853,0.2417061611
6,52,0.2351018204,-0.1167463261,0.2464454976
6,53,0.2371700261,-0.1159004702,0.2511848341
6,54,0.2392766208,-0.1151518974,0.2559241706
6,55,0.2412718066,-0.1141544014,0.2606635071
6,56,0.2430200024,-0.1127657901,0.2654028436
6,57,0.2446722106,-0.1112597248,0.2701421801
6,58,0.2464415827,-0.1098938337,0.2748815166
6,59,0.2482283619,-0.1085500715,0.2796208531
6,60,0.2500039156,-0.1071914995,0.2843601896
6,61,0.2517964294,-0.1058557280,0.2890995261
6,62,0.2535012470,-0.1044105404,0.2938388626
6,63,0.2551518446,-0.1029026841,0.2985781991
6,64,0.2568796062,-0.1014850062,0.3033175355
6,65,0.2586624070,-0.1001363816,0.3080568720
6,66,0.2603218262,-0.0986410968,0.3127962085
6,67,0.2617839911,-0.0969517542,0.3175355450
6,68,0.2631315462,-0.0951681049,0.3222748815
6,69,0.2645700632,-0.0934578648,0.3270142180
6,70,0.2661077049,-0.0918350007,0.3317535545
6,71,0.2676242590,-0.0901926841,0.3364928910
6,72,0.2690149606,-0.0884432726,0.3412322275
6,73,0.2703661965,-0.0866623036,0.3459715640
6,74,0.2718128976,-0.0849578646,0.3507109005
6,75,0.2732172301,-0.0832188629,0.3554502370
6,76,0.2745421952,-0.0814180779,0.3601895735
6,77,0.2759061544,-0.0796466519,0.3649289100
6,78,0.2772304717,-0.0778454198,0.3696682464
6,79,0.2785743251,-0.0760587698,0.3744075829
6,80,0.2799249723,-0.0742772365,0.3791469194
6,81,0.2811865209,-0.0724314835,0.3838862559
6,82,0.2823899197,-0.0705476321,0.3886255924
6,83,0.2834986033,-0.0686062382,0.3933649289
6,84,0.2846630362,-0.0666980868,0.3981042654
6,85,0.2858923624,-0.0648306366,0.4028436019
6,86,0.2871246700,-0.0629651247,0.4075829384
6,87,0.2882930674,-0.0610595123,0.4123222749
6,88,0.2893427131,-0.0590857473,0.4170616114
6,89,0.2903960452,-0.0571139909,0.4218009479
6,90,0.2915617914,-0.0552066377,0.4265402844
6,91,0.2927273035,-0.0532991426,0.4312796209
6,92,0.2937803162,-0.0513272117,0.4360189573
6,93,0.2948300245,-0.0493534759,0.4407582938
6,94,0.2959931140,-0.0474445122,0.4454976303
6,95,0.2971612345,-0.0455385997,0.4502369668
6,96,0.2982146052,-0.0435669644,0.4549763033
6,97,0.2992186174,-0.0415692916,0.4597156398
6,98,0.3002120071,-0.0395663152,0.4644549763
6,99,0.3011265437,-0.0375266712,0.4691943128
6,100,0.3019067941,-0.0354316787,0.4739336493
6,101,0.3027811997,-0.0333750011,0.4786729858
6,102,0.3037618289,-0.0313658328,0.4834123223
6,103,0.3047516389,-0.0293611108,0.4881516588
6,104,0.3056590620,-0.0273183087,0.4928909953
6,105,0.3064022514,-0.0252099143,0.4976303318
6,106,0.3071141523,-0.0230905035,0.5023696682
6,107,0.3078209843,-0.0209693934,0.5071090047
6,108,0.3085218867,-0.0188463268,0.5118483412
6,109,0.3091675475,-0.0167063996,0.5165876777
6,110,0.3096819191,-0.0145308878,0.5213270142
6,111,0.3102569120,-0.0123705420,0.5260663507
6,112,0.3107658989,-0.0101937047,0.5308056872
6,113,0.3113252524,-0.0080293560,0.5355450237
6,114,0.3116506098,-0.0058211608,0.5402843602
6,115,0.3117089356,-0.0035862632,0.5450236967
6,116,0.3118999079,-0.0013613183,0.5497630332
6,117,0.3124220208,0.0008119346,0.5545023697
6,118,0.3127649676,0.0030180201,0.5592417062
6,119,0.3128115596,0.0052530951,0.5639810427
6,120,0.3128127479,0.0074888862,0.5687203791
6,121,0.3128127479,0.0097246778,0.5734597156
6,122,0.3128127429,0.0119604693,0.5781990521
6,123,0.3128110841,0.0141962588,0.5829383886
6,124,0.3127570444,0.0164309849,0.5876777251
6,125,0.3123972580,0.0186346874,0.5924170616
6,126,0.3118760844,0.0208081651,0.5971563981
6,127,0.3117047041,0.0230355404,0.6018957346
6,128,0.3116463784,0.0252704381,0.6066350711
6,129,0.3113023417,0.0274763876,0.6113744076
6,130,0.3107721275,0.0296478307,0.6161137441
6,131,0.3104392028,0.0318583043,0.6208530806
6,132,0.3099247535,0.0340326675,0.6255924171
6,133,0.3094009937,0.0362059069,0.6303317536
6,134,0.3088190941,0.0383636310,0.6350710900
6,135,0.3081079826,0.0404830451,0.6398104265
6,136,0.3072506704,0.0425466836,0.6445497630
6,137,0.3062729714,0.0445572674,0.6492890995
6,138,0.3052738498,0.0465573972,0.6540284360
6,139,0.3042731935,0.0485567597,0.6587677725
6,140,0.3032483731,0.0505436856,0.6635071090
6,141,0.3020789213,0.0524463755,0.6682464455
6,142,0.3006644780,0.0541755893,0.6729857820
6,143,0.2991196089,0.0557913596,0.6777251185
6,144,0.2975423367,0.0573759614,0.6824644550
6,145,0.2959616406,0.0589571520,0.6872037915
6,146,0.2943803755,0.0605377734,0.6919431280
6,147,0.2927952896,0.0621145594,0.6966824645
6,148,0.2911713752,0.0636507302,0.7014218009
6,149,0.2894323138,0.0650531249,0.7061611374
6,150,0.2875247295,0.0662171033,0.7109004739
6,151,0.2855925176,0.0673417674,0.7156398104
6,152,0.2836495152,0.0684462435,0.7203791469
6,153,0.2815896343,0.0693141462,0.7251184834
6,154,0.2795315107,0.0701873791,0.7298578199
6,155,0.2774208920,0.0709133019,0.7345971564
6,156,0.2752184086,0.0712873942,0.7393364929
6,157,0.2730361171,0.0717654371,0.7440758294
6,158,0.2708454081,0.0721929357,0.7488151659
6,159,0.2686153546,0.0721893987,0.7535545024
6,160,0.2664256481,0.0717564260,0.7582938389
6,161,0.2642424586,0.0712828640,0.7630331754
6,162,0.2620367050,0.0709246094,0.7677725118
6,163,0.2598866068,0.0703165847,0.7725118483
6,164,0.2577625996,0.0696185413,0.7772511848
6,165,0.2556454220,0.0689000540,0.7819905213
6,166,0.2535609035,0.0680932729,0.7867298578
6,167,0.2515059814,0.0672127220,0.7914691943
6,168,0.2494101199,0.0664346757,0.7962085308
6,169,0.2473534472,0.0655602619,0.8009478673
6,170,0.2453444555,0.0645792773,0.8056872038
6,171,0.2433442897,0.0635802276,0.8104265403
6,172,0.2413411357,0.0625871995,0.8151658768
6,173,0.2392961769,0.0616855893,0.8199052133
6,174,0.2371897724,0.0609376575,0.8246445498
6,175,0.2351540465,0.0600206202,0.8293838863
6,176,0.2332242108,0.0588936210,0.8341232227
6,177,0.2313221704,0.0577186759,0.8388625592
6,178,0.2293632051,0.0566428282,0.8436018957
6,179,0.2273090836,0.0557646971,0.8483412322
6,180,0.2251907388,0.0550503514,0.8530805687
6,181,0.2230465792,0.0544176845,0.8578199052
6,182,0.2209450061,0.0536639173,0.8625592417
6,183,0.2189637605,0.0526346639,0.8672985782
6,184,0.2170821339,0.0514286741,0.8720379147
6,185,0.2152114421,0.0502049748,0.8767772512
6,186,0.2132636140,0.0491087430,0.8815165877
6,187,0.2112676560,0.0481013302,0.8862559242
6,188,0.2092680420,0.0471011764,0.8909952607
6,189,0.2072682731,0.0461013322,0.8957345972
6,190,0.2052676615,0.0451031796,0.9004739336
6,191,0.2032546747,0.0441303893,0.9052132701
6,192,0.2012090641,0.0432282377,0.9099526066
6,193,0.1991758893,0.0422994726,0.9146919431
6,194,0.1972199686,0.0412202438,0.9194312796
6,195,0.1953712288,0.0399648041,0.9241706161
6,196,0.1935607973,0.0386529032,0.9289099526
6,197,0.1917925531,0.0372857152,0.9336492891
6,198,0.1900928658,0.0358331908,0.9383886256
6,199,0.1883347306,0.0344529330,0.9431279621
6,200,0.1865603429,0.0330933061,0.9478672986
6,201,0.1849428217,0.0315528442,0.9526066351
6,202,0.1835042244,0.0298433601,0.9573459716
6,203,0.1821775989,0.0280438019,0.9620853081
6,204,0.1808150287,0.0262713163,0.9668246445
6,205,0.1795119131,0.0244549821,0.9715639810
6,206,0.1782751204,0.0225925878,0.9763033175
6,207,0.1771316919,0.0206721475,0.9810426540
6,208,0.1761051503,0.0186860603,0.9857819905
6,209,0.1751291110,0.0166746810,0.9905213270
6,210,0.1742729795,0.0146101463,0.9952606635
6,211,0.1734117528,0.0125485934,1.0000000000
7,0,-0.0395371262,0.1461234087,0.0000000000
7,1,-0.0417648920,0.1461330474,0.0048543689
7,2,-0.0439926907,0.1461331568,0.0097087379
7,3,-0.0462204894,0.1461331568,0.0145631068
7,4,-0.0484482881,0.1461331568,0.0194174757
7,5,-0.0506760868,0.1461331568,0.0242718447
7,6,-0.0529038855,0.1461331568,0.0291262136
7,7,-0.0551316842,0.1461331568,0.0339805825
7,8,-0.0573594829,0.1461331568,0.0388349515
7,9,-0.0595872816,0.1461330645,0.0436893204
7,10,-0.0618150501,0.1461241190,0.0485436893
7,11,-0.0640361082,0.1459728222,0.0533980583
7,12,-0.0662054489,0.1454722986,0.0582524272
7,13,-0.0683966601,0.1450890134,0.0631067961
7,14,-0.0706223670,0.1450166106,0.0679611650
7,15,-0.0728495467,0.1449734054,0.0728155340
7,16,-0.0750516914,0.1446635440,0.0776699029
7,17,-0.0772156268,0.1441364234,0.0825242718
7,18,-0.0794155384,0.1437901486,0.0873786408
7,19,-0.0815888737,0.1433084976,0.0922330097
7,20,-0.0837673768,0.1428519413,0.0970873786
7,21,-0.0859643002,0.1424894069,0.1019417476
7,22,-0.0881224173,0.1419385376,0.1067961165
7,23,-0.0902915737,0.1414317834,0.1116504854
7,24,-0.0924441731,0.1408587603,0.1165048544
7,25,-0.0946125195,0.1403486517,0.1213592233
7,26,-0.0967517011,0.1397290902,0.1262135922
7,27,-0.0988687090,0.1390353175,0.1310679612
7,28,-0.1009790483,0.1383214877,0.1359223301
7,29,-0.1030602290,0.1375284080,0.1407766990
7,30,-0.1051078317,0.1366510733,0.1456310680
7,31,-0.1071928578,0.1358672369,0.1504854369
7,32,-0.1092503085,0.1350153969,0.1553398058
7,33,-0.1112545868,0.1340430117,0.1601941748
7,34,-0.1132471855,0.1330467009,0.1650485437
7,35,-0.1152277674,0.1320269064,0.1699029126
7,36,-0.1171504775,0.1309032109,0.1747572816
7,37,-0.1190097472,0.1296761702,0.1796116505
7,38,-0.1208076503,0.1283619616,0.1844660194
7,39,-0.1224784582,0.1268905151,0.1893203883
7,40,-0.1240159667,0.1252794492,0.1941747573
7,41,-0.1254009548,0.1235365650,0.1990291262
7,42,-0.1266339104,0.1216814549,0.2038834951
7,43,-0.1276719423,0.1197132583,0.2087378641
7,44,-0.1285250962,0.1176556849,0.2135922330
7,45,-0.1294553738,0.1156318294,0.2184466019
7,46,-0.1304005709,0.1136148419,0.2233009709
7,47,-0.1310775484,0.1114962225,0.2281553398
7,48,-0.1314116566,0.1092938439,0.2330097087
7,49,-0.1319292579,0.1071278501,0.2378640777
7,50,-0.1323077656,0.1049357612,0.2427184466
7,51,-0.1323757449,0.1027098442,0.2475728155
7,52,-0.1323785028,0.1004820519,0.2524271845
7,53,-0.1323785216,0.0982542532,0.2572815534
7,54,-0.1323775071,0.0960264550,0.2621359223
7,55,-0.1323371117,0.0937992583,0.2669902913
7,56,-0.1320263485,0.0915972205,0.2718446602
7,57,-0.1315059005,0.0894317851,0.2766990291
7,58,-0.1312821485,0.0872189306,0.2815533981
7,59,-0.1312241185,0.0849920203,0.2864077670
7,60,-0.1309372403,0.0827869966,0.2912621359
7,61,-0.1304160740,0.0806217195,0.2961165049
7,62,-0.1301381013,0.0784140719,0.3009708738
7,63,-0.1298469164,0.0762083425,0.3058252427
7,64,-0.1293002702,0.0740492511,0.3106796117
7,65,-0.1287935607,0.0718800835,0.3155339806
7,66,-0.1282205658,0.0697274771,0.3203883495
7,67,-0.1277131585,0.0675584807,0.3252427184
7,68,-0.1271401476,0.0654058783,0.3300970874
7,69,-0.1266309154,0.0632373099,0.3349514563
7,70,-0.1260202670,0.0610955421,0.3398058252
7,71,-0.1253276849,0.0589781416,0.3446601942
7,72,-0.1246206821,0.0568655171,0.3495145631
7,73,-0.1239157257,0.0547522080,0.3543689320
7,74,-0.1232135343,0.0526379738,0.3592233010
7,75,-0.1225022163,0.0505267957,0.3640776699
7,76,-0.1217392041,0.0484344278,0.3689320388
7,77,-0.1208205918,0.0464054032,0.3737864078
7,78,-0.1198603617,0.0443952269,0.3786407767
7,79,-0.1190356043,0.0423264172,0.3834951456
7,80,-0.1182091001,0.0402587938,0.3883495146
7,81,-0.1171401319,0.0383067451,0.3932038835
7,82,-0.1159561603,0.0364196908,0.3980582524
7,83,-0.1148730877,0.0344733460,0.4029126214
7,84,-0.1138442174,0.0324974175,0.4077669903
7,85,-0.1127271148,0.0305708407,0.4126213592
7,86,-0.1115027591,0.0287097834,0.4174757282
7,87,-0.1101936511,0.0269081318,0.4223300971
7,88,-0.1087379154,0.0252232190,0.4271844660
7,89,-0.1071832784,0.0236276174,0.4320388350
7,90,-0.1056100074,0.0220503128,0.4368932039
7,91,-0.1040235402,0.0204863421,0.4417475728
7,92,-0.1023865304,0.0189759380,0.4466019417
7,93,-0.1006242721,0.0176151866,0.4514563107
7,94,-0.0987816190,0.0163632884,0.4563106796
7,95,-0.0968839730,0.0151972395,0.4611650485
7,96,-0.0949069452,0.0141719685,0.4660194175
7,97,-0.0928576442,0.0133013025,0.4708737864
7,98,-0.0907523173,0.0125731386,0.4757281553
7,99,-0.0886388901,0.0118685724,0.4805825243
7,100,-0.0865126169,0.0112040711,0.4854368932
7,101,-0.0843248878,0.0107927368,0.4902912621
7,102,-0.0821340272,0.0103968926,0.4951456311
7,103,-0.0799692682,0.0098735787,0.5000000000
7,104,-0.0777552099,0.0096406671,0.5048543689
7,105,-0.0755557619,0.0093050682,0.5097087379
7,106,-0.0733903988,0.0087843051,0.5145631068
7,107,-0.0711764256,0.0085701618,0.5194174757
7,108,-0.0689488664,0.0085493582,0.5242718447
7,109,-0.0667210679,0.0085489203,0.5291262136
7,110,-0.0644932692,0.0085489203,0.5339805825
7,111,-0.0622654705,0.0085489203,0.5388349515
7,112,-0.0600376718,0.0085489203,0.5436893204
7,113,-0.0578098731,0.0085489203,0.5485436893
7,114,-0.0555820748,0.0085497744,0.5533980583
7,115,-0.0533547773,0.0085847201,0.5582524272
7,116,-0.0511494195,0.0088686075,0.5631067961
7,117,-0.0489839954,0.0093891084,0.5679611650
7,118,-0.0467747358,0.0096445540,0.5728155340
7,119,-0.0445520086,0.0097800422,0.5776699029
7,120,-0.0423709023,0.0102174799,0.5825242718
7,121,-0.0401957211,0.0106903451,0.5873786408
7,122,-0.0379968376,0.0110421799,0.5922330097
7,123,-0.0358379500,0.0115897389,0.5970873786
7,124,-0.0336731903,0.0121143120,0.6019417476
7,125,-0.0315751764,0.0128548072,0.6067961165
7,126,-0.0295656937,0.0138162655,0.6116504854
7,127,-0.0275723115,0.0148110050,0.6165048544
7,128,-0.0255799344,0.0158077599,0.6213592233
7,129,-0.0235939539,0.0168170743,0.6262135922
7,130,-0.0216495653,0.0179036115,0.6310679612
7,131,-0.0197803755,0.0191155737,0.6359223301
7,132,-0.0179248754,0.0203485134,0.6407766990
7,133,-0.0160927701,0.0216157929,0.6456310680
7,134,-0.0144334655,0.0230948225,0.6504854369
7,135,-0.0131747693,0.0249270008,0.6553398058
7,136,-0.0119828816,0.0268080505,0.6601941748
7,137,-0.0106528444,0.0285948801,0.6650485437
7,138,-0.0094011663,0.0304360657,0.6699029126
7,139,-0.0083292846,0.0323880853,0.6747572816
7,140,-0.0073273823,0.0343778707,0.6796116505
7,141,-0.0063310782,0.0363704733,0.6844660194
7,142,-0.0053395441,0.0383654476,0.6893203883
7,143,-0.0044059357,0.0403875962,0.6941747573
7,144,-0.0036272237,0.0424740318,0.6990291262
7,145,-0.0029145881,0.0445847694,0.7038834951
7,146,-0.0022138315,0.0466994837,0.7087378641
7,147,-0.0015084548,0.0488126486,0.7135922330
7,148,-0.0008344122,0.0509359788,0.7184466019
7,149,-0.0003070115,0.0530998722,0.7233009709
7,150,0.0002526246,0.0552558591,0.7281553398
7,151,0.0007781782,0.0574203541,0.7330097087
7,152,0.0013285985,0.0595786377,0.7378640777
7,153,0.0018630487,0.0617409088,0.7427184466
7,154,0.0024001840,0.0639026022,0.7475728155
7,155,0.0028758379,0.0660769301,0.7524271845
7,156,0.0032287676,0.0682756265,0.7572815534
7,157,0.0037590675,0.0704388175,0.7621359223
7,158,0.0041345129,0.0726333972,0.7669902913
7,159,0.0045690339,0.0748164542,0.7718446602
7,160,0.0050587462,0.0769878230,0.7766990291
7,161,0.0052677681,0.0792052394,0.7815533981
7,162,0.0056535264,0.0813964720,0.7864077670
7,163,0.0061615494,0.0835644109,0.7912621359
7,164,0.0063705713,0.0857818273,0.7961165049
7,165,0.0067371813,0.0879767080,0.8009708738
7,166,0.0072572569,0.0901422300,0.8058252427
7,167,0.0074313783,0.0923612412,0.8106796117
7,168,0.0074894083,0.0945881515,0.8155339806
7,169,0.0078259170,0.0967870185,0.8203883495
7,170,0.0083463650,0.0989524539,0.8252427184
7,171,0.0085436959,0.1011685038,0.8300970874
7,172,0.0085610904,0.1033961261,0.8349514563
7,173,0.0085614281,0.1056239247,0.8398058252
7,174,0.0085614281,0.1078517234,0.8446601942
7,175,0.0085614281,0.1100795221,0.8495145631
7,176,0.0085614281,0.1123073208,0.8543689320
7,177,0.0085614281,0.1145351195,0.8592233010
7,178,0.0085613539,0.1167629182,0.8640776699
7,179,0.0085539345,0.1189906926,0.8689320388
7,180,0.0084222683,0.1212128555,0.8737864078
7,181,0.0079180883,0.1233788100,0.8786407767
7,182,0.0072080084,0.1254899528,0.8834951456
7,183,0.0062799844,0.1275108591,0.8883495146
7,184,0.0050266032,0.1293489379,0.8932038835
7,185,0.0035299493,0.1309984460,0.8980582524
7,186,0.0019690688,0.1325879304,0.9029126214
7,187,0.0003841116,0.1341534219,0.9077669903
7,188,-0.0012544647,0.1356620097,0.9126213592
7,189,-0.0030452708,0.1369820509,0.9174757282
7,190,-0.0049897958,0.1380664746,0.9223300971
7,191,-0.0070219699,0.1389777667,0.9271844660
7,192,-0.0091226309,0.1397188206,0.9320388350
7,193,-0.0112346801,0.1404275267,0.9368932039
7,194,-0.0133560275,0.1411077690,0.9417475728
7,195,-0.0155123974,0.1416636435,0.9466019417
7,196,-0.0176733029,0.1422036256,0.9514563107
7,197,-0.0198328199,0.1427491038,0.9563106796
7,198,-0.0219969512,0.1432763489,0.9611650485
7,199,-0.0241663828,0.1437754111,0.9660194175
7,200,-0.0263676170,0.1441144615,0.9708737864
7,201,-0.0285313941,0.1446423121,0.9757281553
7,202,-0.0307311812,0.1449720425,0.9805825243
7,203,-0.0329561984,0.1450777493,0.9854368932
7,204,-0.0351498660,0.1454482666,0.9902912621
7,205,-0.0373166194,0.1459626595,0.9951456311
8,0,0.1882309802,-0.0357193099,0.0000000000
8,1,0.1873684807,-0.0377842465,0.0066225166
8,2,0.1865105623,-0.0398519484,0.0132450331
8,3,0.1855341766,-0.0418671919,0.0198675497
8,4,0.1845394785,-0.0438735565,0.0264900662
8,5,0.1836160816,-0.0459131071,0.0331125828
8,6,0.1828566010,-0.0480190290,0.0397350993
8,7,0.1822105204,-0.0501624711,0.0463576159
8,8,0.1816956739,-0.0523415917,0.0529801325
8,9,0.1811197759,-0.0545054375,0.0596026490
8,10,0.1806062948,-0.0566849042,0.0662251656
8,11,0.1799774941,-0.0588334858,0.0728476821
8,12,0.1792788952,-0.0609611234,0.0794701987
8,13,0.1785691816,-0.0630850814,0.0860927152
8,14,0.1778588873,-0.0652088454,0.0927152318
8,15,0.1771614088,-0.0673368539,0.0993377483
8,16,0.1765382850,-0.0694870852,0.1059602649
8,17,0.1760214476,-0.0716657312,0.1125827815
8,18,0.1754434319,-0.0738285922,0.1192052980
8,19,0.1753584538,-0.0760445156,0.1258278146
8,20,0.1759963954,-0.0781829421,0.1324503311
8,21,0.1764400060,-0.0803461063,0.1390728477
8,22,0.1757121613,-0.0824214707,0.1456953642
8,23,0.1744194890,-0.0842494438,0.1523178808
8,24,0.1732649465,-0.0861636398,0.1589403974
8,25,0.1724534328,-0.0882474530,0.1655629139
8,26,0.1718808952,-0.0904110966,0.1721854305
8,27,0.1713415199,-0.0925841271,0.1788079470
8,28,0.1707796394,-0.0947516903,0.1854304636
8,29,0.1701040506,-0.0968825411,0.1920529801
8,30,0.1689042287,-0.0987686609,0.1986754967
8,31,0.1676929612,-0.1006461504,0.2052980132
8,32,0.1668779520,-0.1027282152,0.2119205298
8,33,0.1663010445,-0.1048907678,0.2185430464
8,34,0.1657464441,-0.1070594847,0.2251655629
8,35,0.1650490955,-0.1091873238,0.2317880795
8,36,0.1642308618,-0.1112711494,0.2384105960
8,37,0.1633529888,-0.1133311355,0.2450331126
8,38,0.1626119168,-0.1154441845,0.2516556291
8,39,0.1618932000,-0.1175651236,0.2582781457
8,40,0.1611089749,-0.1196620097,0.2649006623
8,41,0.1602273577,-0.1217204027,0.2715231788
8,42,0.1594322727,-0.1238134992,0.2781456954
8,43,0.1585902611,-0.1258876247,0.2847682119
8,44,0.1576161595,-0.1279039695,0.2913907285
8,45,0.1566156409,-0.1299074424,0.2980132450
8,46,0.1556141691,-0.1319104392,0.3046357616
8,47,0.1546126797,-0.1339134273,0.3112582781
8,48,0.1536109831,-0.1359163117,0.3178807947
8,49,0.1526031889,-0.1379161285,0.3245033113
8,50,0.1515256709,-0.1398787500,0.3311258278
8,51,0.1503265375,-0.1417695644,0.3377483444
8,52,0.1490907229,-0.1436371027,0.3443708609
8,53,0.1478454993,-0.1454983819,0.3509933775
8,54,0.1466054323,-0.1473630915,0.3576158940
8,55,0.1453538897,-0.1492201183,0.3642384106
8,56,0.1440547939,-0.1510437931,0.3708609272
8,57,0.1426909687,-0.1528198538,0.3774834437
8,58,0.1413617147,-0.1546219943,0.3841059603
8,59,0.1399555381,-0.1563636016,0.3907284768
8,60,0.1384477922,-0.1580191744,0.3973509934
8,61,0.1369898960,-0.1597179439,0.4039735099
8,62,0.1356417424,-0.1615057227,0.4105960265
8,63,0.1342007319,-0.1632179376,0.4172185430
8,64,0.1325813670,-0.1647617164,0.4238410596
8,65,0.1308046362,-0.1661242490,0.4304635762
8,66,0.1290533946,-0.1675184513,0.4370860927
8,67,0.1274122138,-0.1690414499,0.4437086093
8,68,0.1258180226,-0.1706141400,0.4503311258
8,69,0.1242184871,-0.1721813629,0.4569536424
8,70,0.1225577622,-0.1736826997,0.4635761589
8,71,0.1207756178,-0.1750381143,0.4701986755
8,72,0.1189852387,-0.1763830792,0.4768211921
8,73,0.1172024759,-0.1777380785,0.4834437086
8,74,0.1153591273,-0.1790094441,0.4900662252
8,75,0.1134993224,-0.1802568535,0.4966887417
8,76,0.1116351058,-0.1814976631,0.5033112583
8,77,0.1097719500,-0.1827400664,0.5099337748
8,78,0.1079089194,-0.1839826578,0.5165562914
8,79,0.1060440830,-0.1852225322,0.5231788079
8,80,0.1041712205,-0.1864501632,0.5298013245
8,81,0.1022497955,-0.1875994917,0.5364238411
8,82,0.1003081168,-0.1887149664,0.5430463576
8,83,0.0984159417,-0.1899126908,0.5496688742
8,84,0.0964782043,-0.1910338523,0.5562913907
8,85,0.0944918784,-0.1920678901,0.5629139073
8,86,0.0925322752,-0.1931511574,0.5695364238
8,87,0.0906005834,-0.1942834965,0.5761589404
8,88,0.0885903684,-0.1952685464,0.5827814570
8,89,0.0865967004,-0.1962872841,0.5894039735
8,90,0.0845750505,-0.1972473442,0.5960264901
8,91,0.0825035781,-0.1980976698,0.6026490066
8,92,0.0804829091,-0.1990625225,0.6092715232
8,93,0.0784786112,-0.2000613801,0.6158940397
8,94,0.0764756030,-0.2010628291,0.6225165563
8,95,0.0744726149,-0.2020643184,0.6291390728
8,96,0.0724696292,-0.2030658126,0.6357615894
8,97,0.0704663290,-0.2040666773,0.6423841060
8,98,0.0684543966,-0.2050498825,0.6490066225
8,99,0.0663953362,-0.2059279529,0.6556291391
8,100,0.0642965655,-0.2067084723,0.6622516556
8,101,0.0622526826,-0.2076224433,0.6688741722
8,102,0.0602331597,-0.2085900343,0.6754966887
8,103,0.0581592711,-0.2094326343,0.6821192053
8,104,0.0560660237,-0.2102273323,0.6887417219
8,105,0.0540078087,-0.2111093746,0.6953642384
8,106,0.0519162968,-0.2119085233,0.7019867550
8,107,0.0498384159,-0.2127415578,0.7086092715
8,108,0.0478181853,-0.2137076690,0.7152317881
8,109,0.0457770115,-0.2146276220,0.7218543046
8,110,0.0436799913,-0.2154125488,0.7284768212
8,111,0.0416085743,-0.2162620996,0.7350993377
8,112,0.0395397537,-0.2171180873,0.7417218543
8,113,0.0374400654,-0.2178962243,0.7483443709
8,114,0.0353818504,-0.2187782666,0.7549668874
8,115,0.0332965178,-0.2195932620,0.7615894040
8,116,0.0312071641,-0.2203979333,0.7682119205
8,117,0.0291486914,-0.2212793574,0.7748344371
8,118,0.0270458131,-0.2220475840,0.7814569536
8,119,0.0249248741,-0.2227663008,0.7880794702
8,120,0.0228178172,-0.2235233713,0.7947019868
8,121,0.0207592889,-0.2244046606,0.8013245033
8,122,0.0186726462,-0.2252162924,0.8079470199
8,123,0.0165846027,-0.2260243274,0.8145695364
8,124,0.0145261031,-0.2269056863,0.8211920530
8,125,0.0124212055,-0.2276685216,0.8278145695
8,126,0.0103002664,-0.2283872384,0.8344370861
8,127,0.0081952289,-0.2291497002,0.8410596026
8,128,0.0061367275,-0.2300310547,0.8476821192
8,129,0.0040487747,-0.2308393227,0.8543046358
8,130,0.0019620413,-0.2316507214,0.8609271523
8,131,-0.0000961738,-0.2325327638,0.8675496689
8,132,-0.0021944612,-0.2333144974,0.8741721854
8,133,-0.0042655717,-0.2341648090,0.8807947020
8,134,-0.0063358743,-0.2350169387,0.8874172185
8,135,-0.0084522719,-0.2357486352,0.8940397351
8,136,-0.0105725786,-0.2364691524,0.9006622517
8,137,-0.0126604727,-0.2372772247,0.9072847682
8,138,-0.0147187352,-0.2381591578,0.9139072848
8,139,-0.0168183328,-0.2389375277,0.9205298013
8,140,-0.0188873204,-0.2397931053,0.9271523179
8,141,-0.0209599037,-0.2406395342,0.9337748344
8,142,-0.0230754865,-0.2413736377,0.9403973510
8,143,-0.0251770750,-0.2421461112,0.9470198675
8,144,-0.0272019399,-0.2431005980,0.9536423841
8,145,-0.0291926929,-0.2441261923,0.9602649007
8,146,-0.0312187498,-0.2450787803,0.9668874172
8,147,-0.0333168027,-0.2458589158,0.9735099338
8,148,-0.0354737462,-0.2464568970,0.9801324503
8,149,-0.0376702726,-0.2468918761,0.9867549669
8,150,-0.0398790690,-0.2472602229,0.9933774834
8,151,-0.0420988481,-0.2475537352,1.0000000000
9,0,-0.1830542552,-0.2763308620,0.0000000000
9,1,-0.1849703859,-0.2751923591,0.0078740157
9,2,-0.1869058132,-0.2740854768,0.0157480315
9,3,-0.1887633281,-0.2728528575,0.0236220472
9,4,-0.1905568840,-0.2715283727,0.0314960630
9,5,-0.1923285899,-0.2701747311,0.0393700787
9,6,-0.1940828934,-0.2687986055,0.0472440945
9,7,-0.1957874578,-0.2673617381,0.0551181102
9,8,-0.1974011146,-0.2658254240,0.0629921260
9,9,-0.1989132726,-0.2641892501,0.0708661417
9,10,-0.2003413769,-0.2624775943,0.0787401575
9,11,-0.2016933444,-0.2607046064,0.0866141732
9,12,-0.2029678505,-0.2588755831,0.0944881890
9,13,-0.2041775662,-0.2570030561,0.1023622047
9,14,-0.2053827749,-0.2551272398,0.1102362205
9,15,-0.2065925815,-0.2532545086,0.1181102362
9,16,-0.2077147119,-0.2513278208,0.1259842520
9,17,-0.2087168233,-0.2493362290,0.1338582677
9,18,-0.2096457501,-0.2473096528,0.1417322835
9,19,-0.2105299955,-0.2452629475,0.1496062992
9,20,-0.2113649448,-0.2431957236,0.1574803150
9,21,-0.2120992265,-0.2410905586,0.1653543307
9,22,-0.2128091475,-0.2389769701,0.1732283465
9,23,-0.2135139961,-0.2368616812,0.1811023622
9,24,-0.2142131008,-0.2347444976,0.1889763780
9,25,-0.2148581522,-0.2326107925,0.1968503937
9,26,-0.2153745734,-0.2304421113,0.2047244094
9,27,-0.2160017290,-0.2283032030,0.2125984252
9,28,-0.2166857217,-0.2261810818,0.2204724409
9,29,-0.2172840848,-0.2240340264,0.2283464567
9,30,-0.2178037287,-0.2218661373,0.2362204724
9,31,-0.2184759182,-0.2197402807,0.2440944882
9,32,-0.2191506522,-0.2176152293,0.2519685039
9,33,-0.2196872660,-0.2154518314,0.2598425197
9,34,-0.2202687200,-0.2133003036,0.2677165354
9,35,-0.2209548958,-0.2111789185,0.2755905512
9,36,-0.2216621438,-0.2090644340,0.2834645669
9,37,-0.2223655680,-0.2069486699,0.2913385827
9,38,-0.2230846931,-0.2048382280,0.2992125984
9,39,-0.2238979208,-0.2027628842,0.3070866142
9,40,-0.2247738249,-0.2007126636,0.3149606299
9,41,-0.2255438212,-0.1986202819,0.3228346457
9,42,-0.2264027260,-0.1965631584,0.3307086614
9,43,-0.2272385162,-0.1944968338,0.3385826772
9,44,-0.2279639762,-0.1923885998,0.3464566929
9,45,-0.2286841243,-0.1902785084,0.3543307087
9,46,-0.2294986156,-0.1882036693,0.3622047244
9,47,-0.2303731820,-0.1861528882,0.3700787402
9,48,-0.2311128752,-0.1840497446,0.3779527559
9,49,-0.2318284686,-0.1819380574,0.3858267717
9,50,-0.2326060268,-0.1798490960,0.3937007874
9,51,-0.2334833888,-0.1777995083,0.4015748031
9,52,-0.2342598032,-0.1757102047,0.4094488189
9,53,-0.2349265281,-0.1735829886,0.4173228346
9,54,-0.2354430265,-0.1714143272,0.4251968504
9,55,-0.2360546413,-0.1692709189,0.4330708661
9,56,-0.2367478351,-0.1671517793,0.4409448819
9,57,-0.2374545632,-0.1650371223,0.4488188976
9,58,-0.2381329044,-0.1629132317,0.4566929134
9,59,-0.2386786063,-0.1607522403,0.4645669291
9,60,-0.2392509374,-0.1585982953,0.4724409449
9,61,-0.2399310269,-0.1564749388,0.4803149606
9,62,-0.2405773524,-0.1543415860,0.4881889764
9,63,-0.2410905425,-0.1521721189,0.4960629921
9,64,-0.2416640487,-0.1500177406,0.5039370079
9,65,-0.2421716279,-0.1478468904,0.5118110236
9,66,-0.2427340578,-0.1456896001,0.5196850394
9,67,-0.2431286883,-0.1434966845,0.5275590551
9,68,-0.2435354318,-0.1413060446,0.5354330709
9,69,-0.2440646207,-0.1391406856,0.5433070866
9,70,-0.2443881028,-0.1369347376,0.5511811024
9,71,-0.2449075204,-0.1347673013,0.5590551181
9,72,-0.2453268402,-0.1325792513,0.5669291339
9,73,-0.2457125770,-0.1303846771,0.5748031496
9,74,-0.2462371411,-0.1282183037,0.5826771654
9,75,-0.2464895917,-0.1260051694,0.5905511811
9,76,-0.2468064347,-0.1238011955,0.5984251969
9,77,-0.2473277727,-0.1216340704,0.6062992126
9,78,-0.2475715775,-0.1194214759,0.6141732283
9,79,-0.2477120940,-0.1171972880,0.6220472441
9,80,-0.2481604292,-0.1150163083,0.6299212598
9,81,-0.2485968746,-0.1128331445,0.6377952756
9,82,-0.2487048361,-0.1106076857,0.6456692913
9,83,-0.2487384138,-0.1083784476,0.6535433071
9,84,-0.2489880467,-0.1061670037,0.6614173228
9,85,-0.2495088786,-0.1039997657,0.6692913386
9,86,-0.2497927609,-0.1017925573,0.6771653543
9,87,-0.2498276297,-0.0995634153,0.6850393701
9,88,-0.2498285137,-0.0973337739,0.6929133858
9,89,-0.2498325713,-0.0951041435,0.7007874016
9,90,-0.2499182496,-0.0928774149,0.7086614173
9,91,-0.2503229463,-0.0906883284,0.7165354331
9,92,-0.2508024590,-0.0885131987,0.7244094488
9,93,-0.2509391272,-0.0862894437,0.7322834646
9,94,-0.2509469716,-0.0840598279,0.7401574803
9,95,-0.2509470506,-0.0818301861,0.7480314961
9,96,-0.2509470506,-0.0796005444,0.7559055118
9,97,-0.2509470506,-0.0773709026,0.7637795276
9,98,-0.2509470506,-0.0751412608,0.7716535433
9,99,-0.2509470506,-0.0729116191,0.7795275591
9,100,-0.2509470339,-0.0706819773,0.7874015748
9,101,-0.2509444321,-0.0684523414,0.7952755906
9,102,-0.2508783572,-0.0662244695,0.8031496063
9,103,-0.2505024240,-0.0640300173,0.8110236220
9,104,-0.2499941478,-0.0618602533,0.8188976378
9,105,-0.2498378762,-0.0596376415,0.8267716535
9,106,-0.2498285725,-0.0574080313,0.8346456693
9,107,-0.2498269924,-0.0551783911,0.8425196850
9,108,-0.2497759713,-0.0529496412,0.8503937008
9,109,-0.2494213332,-0.0507512583,0.8582677165
9,110,-0.2489005013,-0.0485840203,0.8661417323
9,111,-0.2487232580,-0.0463636310,0.8740157480
9,112,-0.2487012109,-0.0441341351,0.8818897638
9,113,-0.2485511916,-0.0419111508,0.8897637795
9,114,-0.2480524018,-0.0397396172,0.8976377953
9,115,-0.2476659865,-0.0375470540,0.9055118110
9,116,-0.2475532735,-0.0353207280,0.9133858268
9,117,-0.2472401923,-0.0331169610,0.9212598425
9,118,-0.2467192708,-0.0309497421,0.9291338583
9,119,-0.2464889610,-0.0287354280,0.9370078740
9,120,-0.2463430285,-0.0265116566,0.9448818898
9,121,-0.2458825751,-0.0243329483,0.9527559055
9,122,-0.2454524358,-0.0221482970,0.9606299213
9,123,-0.2452431999,-0.0199290500,0.9685039370
9,124,-0.2447975801,-0.0177473473,0.9763779528
9,125,-0.2443538440,-0.0155655435,0.9842519685
9,126,-0.2442414500,-0.0133403701,0.9921259843
9,127,-0.2442356245,-0.0111107473,1.0000000000
10,0,0.2020840640,0.0034306761,0.0000000000
10,1,0.2023994777,0.0012271211,0.0111111111
10,2,0.2031591295,-0.0008681015,0.0222222222
10,3,0.2040247656,-0.0029254004,0.0333333333
10,4,0.2049081846,-0.0049740937,0.0444444444
10,5,0.2060234073,-0.0069071903,0.0555555556
10,6,0.2071128995,-0.0088548004,0.0666666667
10,7,0.2080729619,-0.0108689669,0.0777777778
10,8,0.2088621548,-0.0129560397,0.0888888889
10,9,0.2095766246,-0.0150707230,0.1000000000
10,10,0.2102690220,-0.0171927256,0.1111111111
10,11,0.2108348610,-0.0193502629,0.1222222222
10,12,0.2110101803,-0.0215733521,0.1333333333
10,13,0.2110225056,-0.0238053903,0.1444444444
10,14,0.2110137146,-0.0260374825,0.1555555556
10,15,0.2108614338,-0.0282628041,0.1666666667
10,16,0.2103506149,-0.0304340135,0.1777777778
10,17,0.2098242961,-0.0326029957,0.1888888889
10,18,0.2091179107,-0.0347154266,0.2000000000
10,19,0.2079880318,-0.0366331194,0.2111111111
10,20,0.2065668954,-0.0383519702,0.2222222222
10,21,0.2050158823,-0.0399569639,0.2333333333
10,22,0.2034407197,-0.0415384883,0.2444444444
10,23,0.2018627072,-0.0431171735,0.2555555556
10,24,0.2002874225,-0.0446985764,0.2666666667
10,25,0.1987341951,-0.0463014985,0.2777777778
10,26,0.1973092462,-0.0480172838,0.2888888889
10,27,0.1961552957,-0.0499220436,0.3000000000
10,28,0.1953279976,-0.0519932808,0.3111111111
10,29,0.1946681992,-0.0541251156,0.3222222222
10,30,0.1944801229,-0.0563388281,0.3333333333
10,31,0.1951472103,-0.0584599274,0.3444444444
10,32,0.1963959347,-0.0602996256,0.3555555556
10,33,0.1981011448,-0.0617203747,0.3666666667
10,34,0.2001237116,-0.0626412017,0.3777777778
10,35,0.2023220211,-0.0629784397,0.3888888889
10,36,0.2045404828,-0.0627991682,0.4000000000
10,37,0.2066553626,-0.0620999532,0.4111111111
10,38,0.2086694282,-0.0611380813,0.4222222222
10,39,0.2106667431,-0.0601415400,0.4333333333
10,40,0.2126632287,-0.0591433338,0.4444444444
10,41,0.2146597117,-0.0581451222,0.4555555556
10,42,0.2166567999,-0.0571481241,0.4666666667
10,43,0.2186700033,-0.0561844466,0.4777777778
10,44,0.2207793904,-0.0554694228,0.4888888889
10,45,0.2229937848,-0.0552318152,0.5000000000
10,46,0.2252256454,-0.0552100763,0.5111111111
10,47,0.2274577673,-0.0552105250,0.5222222222
10,48,0.2296893590,-0.0552470720,0.5333333333
10,49,0.2318978068,-0.0555405605,0.5444444444
10,50,0.2340599671,-0.0560931020,0.5555555556
10,51,0.2362347732,-0.0565948472,0.5666666667
10,52,0.2384186664,-0.0570370742,0.5777777778
10,53,0.2406075830,-0.0567601721,0.5888888889
10,54,0.2426491887,-0.0558657213,0.6000000000
10,55,0.2445796553,-0.0547475129,0.6111111111
10,56,0.2463246460,-0.0533581347,0.6222222222
10,57,0.2479702247,-0.0518503336,0.6333333333
10,58,0.2496292523,-0.0503572871,0.6444444444
10,59,0.2513489003,-0.0489343167,0.6555555556
10,60,0.2530448626,-0.0474844610,0.6666666667
10,61,0.2544639537,-0.0457712798,0.6777777778
10,62,0.2555601288,-0.0438291913,0.6888888889
10,63,0.2564702203,-0.0417917538,0.7000000000
10,64,0.2571996602,-0.0396823980,0.7111111111
10,65,0.2577813779,-0.0375292269,0.7222222222
10,66,0.2579845637,-0.0353096857,0.7333333333
10,67,0.2580024214,-0.0330777485,0.7444444444
10,68,0.2580026895,-0.0308456263,0.7555555556
10,69,0.2579949157,-0.0286135295,0.7666666667
10,70,0.2578579604,-0.0263873523,0.7777777778
10,71,0.2573440793,-0.0242189166,0.7888888889
10,72,0.2566596481,-0.0220943970,0.8000000000
10,73,0.2559467533,-0.0199791904,0.8111111111
10,74,0.2551631024,-0.0178904543,0.8222222222
10,75,0.2541334597,-0.0159126240,0.8333333333
10,76,0.2529159417,-0.0140419913,0.8444444444
10,77,0.2516178654,-0.0122270378,0.8555555556
10,78,0.2501748794,-0.0105254849,0.8666666667
10,79,0.2486218323,-0.0089224000,0.8777777778
10,80,0.2470460889,-0.0073414555,0.8888888889
10,81,0.2454592725,-0.0057716692,0.9000000000
10,82,0.2438247464,-0.0042522210,0.9111111111
10,83,0.2420740364,-0.0028698605,0.9222222222
10,84,0.2402304198,-0.0016116760,0.9333333333
10,85,0.2383355725,-0.0004329104,0.9444444444
10,86,0.2363696831,0.0006233350,0.9555555556
10,87,0.2343756187,0.0016263569,0.9666666667
10,88,0.2323793914,0.0026250796,0.9777777778
10,89,0.2303892739,0.0036358658,0.9888888889
10,90,0.2284453098,0.0047314113,1.0000000000
11,0,0.2993899954,-0.0008742590,0.0000000000
11,1,0.2994214740,0.0013594083,0.0114942529
11,2,0.2996933785,0.0035726264,0.0229885057
11,3,0.3002152772,0.0057442121,0.0344827586
11,4,0.3004774700,0.0079585926,0.0459770115
11,5,0.3005077095,0.0101922953,0.0574712644
11,6,0.3005032526,0.0124263970,0.0689655172
11,7,0.3004021533,0.0146567039,0.0804597701
11,8,0.2999737293,0.0168459041,0.0919540230
11,9,0.2995169344,0.0190298146,0.1034482759
11,10,0.2993922291,0.0212589114,0.1149425287
11,11,0.2992962376,0.0234897918,0.1264367816
11,12,0.2988813243,0.0256812845,0.1379310345
11,13,0.2983316196,0.0278464123,0.1494252874
11,14,0.2977946794,0.0300143041,0.1609195402
11,15,0.2971067640,0.0321397197,0.1724137931
11,16,0.2962945383,0.0342201362,0.1839080460
11,17,0.2952994190,0.0362197517,0.1954022989
11,18,0.2941190628,0.0381141713,0.2068965517
11,19,0.2927765852,0.0398994928,0.2183908046
11,20,0.2914464830,0.0416944430,0.2298850575
11,21,0.2900580794,0.0434430699,0.2413793103
11,22,0.2884813470,0.0450233507,0.2528735632
11,23,0.2867282207,0.0464049201,0.2643678161
11,24,0.2848649892,0.0476370631,0.2758620690
11,25,0.2828792359,0.0486558537,0.2873563218
11,26,0.2808123513,0.0495032465,0.2988505747
11,27,0.2787507740,0.0503629524,0.3103448276
11,28,0.2765957465,0.0509219882,0.3218390805
11,29,0.2743671488,0.0510479181,0.3333333333
11,30,0.2721330632,0.0510501828,0.3448275862
11,31,0.2699021523,0.0509598210,0.3563218391
11,32,0.2677150863,0.0505271629,0.3678160920
11,33,0.2655851977,0.0498531025,0.3793103448
11,34,0.2634669345,0.0491430565,0.3908045977
11,35,0.2613581437,0.0484056505,0.4022988506
11,36,0.2593155137,0.0475019642,0.4137931034
11,37,0.2573140712,0.0465093932,0.4252873563
11,38,0.2553447342,0.0454553402,0.4367816092
11,39,0.2534464160,0.0442783670,0.4482758621
11,40,0.2516001959,0.0430204467,0.4597701149
11,41,0.2498344081,0.0416533949,0.4712643678
11,42,0.2481356250,0.0402023895,0.4827586207
11,43,0.2463711998,0.0388327777,0.4942528736
11,44,0.2445987270,0.0374732853,0.5057471264
11,45,0.2429618463,0.0359539396,0.5172413793
11,46,0.2414380882,0.0343211225,0.5287356322
11,47,0.2400732055,0.0325529945,0.5402298851
11,48,0.2387085372,0.0307846539,0.5517241379
11,49,0.2372574968,0.0290859006,0.5632183908
11,50,0.2358838464,0.0273252057,0.5747126437
11,51,0.2346246841,0.0254798337,0.5862068966
11,52,0.2334434058,0.0235842140,0.5977011494
11,53,0.2323901520,0.0216145784,0.6091954023
11,54,0.2314087075,0.0196076084,0.6206896552
11,55,0.2303786231,0.0176257400,0.6321839080
11,56,0.2292278801,0.0157115725,0.6436781609
11,57,0.2280502267,0.0138136867,0.6551724138
11,58,0.2270668042,0.0118103009,0.6666666667
11,59,0.2262797400,0.0097194134,0.6781609195
11,60,0.2253851311,0.0076726915,0.6896551724
11,61,0.2244410463,0.0056478556,0.7011494253
11,62,0.2235230767,0.0036112507,0.7126436782
11,63,0.2226620535,0.0015501473,0.7241379310
11,64,0.2218902014,-0.0005458055,0.7356321839
11,65,0.2212542021,-0.0026868434,0.7471264368
11,66,0.2206962326,-0.0048501576,0.7586206897
11,67,0.2201195041,-0.0070082913,0.7701149425
11,68,0.2196115339,-0.0091836578,0.7816091954
11,69,0.2190752167,-0.0113516192,0.7931034483
11,70,0.2188715803,-0.0135732070,0.8045977011
11,71,0.2188609706,-0.0158071211,0.8160919540
11,72,0.2189965936,-0.0180353952,0.8275862069
11,73,0.2194829224,-0.0202132897,0.8390804598
11,74,0.2200163428,-0.0223825485,0.8505747126
11,75,0.2206915300,-0.0245075509,0.8620689655
11,76,0.2217345999,-0.0264792582,0.8735632184
11,77,0.2229576704,-0.0283486469,0.8850574713
11,78,0.2242714073,-0.0301547398,0.8965517241
11,79,0.2257342178,-0.0318418080,0.9080459770
11,80,0.2273092474,-0.0334259448,0.9195402299
11,81,0.2289716407,-0.0349168553,0.9310344828
11,82,0.2308969584,-0.0360272715,0.9425287356
11,83,0.2330486106,-0.0358888484,0.9540229885
11,84,0.2346653864,-0.0344029144,0.9655172414
11,85,0.2354731582,-0.0323489172,0.9770114943
11,86,0.2356247079,-0.0301234053,0.9885057471
11,87,0.2356313469,-0.0278893127,1.0000000000
12,0,0.1042830274,0.2027092343,0.0000000000
12,1,0.1061099301,0.2014343812,0.0116279070
12,2,0.1051212414,0.2016262231,0.0232558140
12,3,0.1032631931,0.2028577911,0.0348837209
12,4,0.1014882637,0.2042043455,0.0465116279
12,5,0.0998199069,0.2056778454,0.0581395349
12,6,0.0983333026,0.2073334349,0.0697674419
12,7,0.0970826679,0.2091749696,0.0813953488
12,8,0.0960654954,0.2111550942,0.0930232558
12,9,0.0952154041,0.2132124200,0.1046511628
12,10,0.0944776995,0.2153159634,0.1162790698
12,11,0.0938999590,0.2174686313,0.1279069767
12,12,0.0933585380,0.2196306207,0.1395348837
12,13,0.0928753508,0.2218067717,0.1511627907
12,14,0.0923849102,0.2239812972,0.1627906977
12,15,0.0918563214,0.2261467233,0.1744186047
12,16,0.0913370674,0.2283144698,0.1860465116
12,17,0.0907170009,0.2304525569,0.1976744186
12,18,0.0898180702,0.2324912476,0.2093023256
12,19,0.0888588970,0.2345034258,0.2209302326
12,20,0.0880393589,0.2365758311,0.2325581395
12,21,0.0872397569,0.2386561564,0.2441860465
12,22,0.0863566395,0.2407027841,0.2558139535
12,23,0.0854863173,0.2427541704,0.2674418605
12,24,0.0843286248,0.2446518113,0.2790697674
12,25,0.0828445479,0.2463139745,0.2906976744
12,26,0.0812794315,0.2479011220,0.3023255814
12,27,0.0796589144,0.2494313123,0.3139534884
12,28,0.0779507611,0.2508623398,0.3255813953
12,29,0.0761717098,0.2522052793,0.3372093023
12,30,0.0743686236,0.2535157511,0.3488372093
12,31,0.0725046425,0.2547367569,0.3604651163
12,32,0.0705749778,0.2558523624,0.3720930233
12,33,0.0686782792,0.2570220150,0.3837209302
12,34,0.0668580055,0.2583069336,0.3953488372
12,35,0.0651065836,0.2596855838,0.4069767442
12,36,0.0633754552,0.2610896729,0.4186046512
12,37,0.0615913191,0.2624244592,0.4302325581
12,38,0.0597164056,0.2636294848,0.4418604651
12,39,0.0578588496,0.2648598652,0.4534883721
12,40,0.0561536318,0.2662949780,0.4651162791
12,41,0.0544253883,0.2677012632,0.4767441860
12,42,0.0525974449,0.2689745402,0.4883720930
12,43,0.0507147674,0.2701676722,0.5000000000
12,44,0.0488246285,0.2713490221,0.5116279070
12,45,0.0469771567,0.2725946954,0.5232558140
12,46,0.0452414436,0.2739913364,0.5348837209
12,47,0.0436109856,0.2755110351,0.5465116279
12,48,0.0419782394,0.2770283011,0.5581395349
12,49,0.0401949280,0.2783615498,0.5697674419
12,50,0.0382651952,0.2794733477,0.5813953488
12,51,0.0362678201,0.2804628665,0.5930232558
12,52,0.0342797657,0.2814708393,0.6046511628
12,53,0.0322832178,0.2824616871,0.6162790698
12,54,0.0302152965,0.2832927311,0.6279069767
12,55,0.0281270798,0.2840716567,0.6395348837
12,56,0.0261499909,0.2850929132,0.6511627907
12,57,0.0242894508,0.2863200993,0.6627906977
12,58,0.0225085599,0.2876604284,0.6744186047
12,59,0.0207318360,0.2890064744,0.6860465116
12,60,0.0189480443,0.2903428044,0.6976744186
12,61,0.0172415180,0.2917764496,0.7093023256
12,62,0.0155110601,0.2931805590,0.7209302326
12,63,0.0136722175,0.2944391127,0.7325581395
12,64,0.0117137187,0.2954922491,0.7441860465
12,65,0.0095382774,0.2959001612,0.7558139535
12,66,0.0073503870,0.2955232171,0.7674418605
12,67,0.0052981077,0.2946563897,0.7790697674
12,68,0.0032992265,0.2936697814,0.7906976744
12,69,0.0013052416,0.2926732239,0.8023255814
12,70,-0.0006885675,0.2916763146,0.8139534884
12,71,-0.0026824383,0.2906795287,0.8255813953
12,72,-0.0046791287,0.2896884158,0.8372093023
12,73,-0.0067082806,0.2887669224,0.8488372093
12,74,-0.0088017174,0.2880029255,0.8604651163
12,75,-0.0109141647,0.2872911469,0.8720930233
12,76,-0.0130296971,0.2865885815,0.8837209302
12,77,-0.0151450957,0.2858856588,0.8953488372
12,78,-0.0172738359,0.2852251024,0.9069767442
12,79,-0.0194529458,0.2847589466,0.9186046512
12,80,-0.0216363506,0.2843114196,0.9302325581
12,81,-0.0237883414,0.2837324465,0.9418604651
12,82,-0.0259085713,0.2830449407,0.9534883721
12,83,-0.0280227302,0.2823382400,0.9651162791
12,84,-0.0301364891,0.2816303762,0.9767441860
12,85,-0.0322568274,0.2809425110,0.9883720930
12,86,-0.0344188820,0.2804117905,1.0000000000
13,0,-0.2106784936,-0.1317470693,0.0000000000
13,1,-0.2106785477,-0.1295138278,0.0131578947
13,2,-0.2106845717,-0.1272806052,0.0263157895
13,3,-0.2107970886,-0.1250518374,0.0394736842
13,4,-0.2112368948,-0.1228653146,0.0526315789
13,5,-0.2115747380,-0.1206672336,0.0657894737
13,6,-0.2112474594,-0.1184678154,0.0789473684
13,7,-0.2107971101,-0.1162830215,0.0921052632
13,8,-0.2105875150,-0.1140601923,0.1052631579
13,9,-0.2101647982,-0.1118705025,0.1184210526
13,10,-0.2096746331,-0.1096933138,0.1315789474
13,11,-0.2093124403,-0.1074910466,0.1447368421
13,12,-0.2085938092,-0.1053811968,0.1578947368
13,13,-0.2076291417,-0.1033672363,0.1710526316
13,14,-0.2066068488,-0.1013818331,0.1842105263
13,15,-0.2054752477,-0.0994574430,0.1973684211
13,16,-0.2042416654,-0.0975960145,0.2105263158
13,17,-0.2029028325,-0.0958101714,0.2236842105
13,18,-0.2013191945,-0.0942420625,0.2368421053
13,19,-0.1995254854,-0.0929139845,0.2500000000
13,20,-0.1976197645,-0.0917516350,0.2631578947
13,21,-0.1955783231,-0.0908544363,0.2763157895
13,22,-0.1934436012,-0.0902057857,0.2894736842
13,23,-0.1912332620,-0.0899244932,0.3026315789
13,24,-0.1890036123,-0.0899867960,0.3157894737
13,25,-0.1868345035,-0.0904826732,0.3289473684
13,26,-0.1847872282,-0.0913716769,0.3421052632
13,27,-0.1827682575,-0.0923259810,0.3552631579
13,28,-0.1806488358,-0.0930159409,0.3684210526
13,29,-0.1784291504,-0.0932241901,0.3815789474
13,30,-0.1761960707,-0.0932396937,0.3947368421
13,31,-0.1739634600,-0.0931980709,0.4078947368
13,32,-0.1717585137,-0.0928714117,0.4210526316
13,33,-0.1696227732,-0.0922219874,0.4342105263
13,34,-0.1675311545,-0.0914419057,0.4473684211
13,35,-0.1655035160,-0.0905070052,0.4605263158
13,36,-0.1634773405,-0.0895692423,0.4736842105
13,37,-0.1613575149,-0.0888756105,0.4868421053
13,38,-0.1591832499,-0.0883660815,0.5000000000
13,39,-0.1569861360,-0.0879930188,0.5131578947
13,40,-0.1547873498,-0.0883585807,0.5263157895
13,41,-0.1525909559,-0.0887555806,0.5394736842
13,42,-0.1503945260,-0.0891509545,0.5526315789
13,43,-0.1482337949,-0.0897144724,0.5657894737
13,44,-0.1460610391,-0.0902293230,0.5789473684
13,45,-0.1439291200,-0.0908927957,0.5921052632
13,46,-0.1418349221,-0.0916663613,0.6052631579
13,47,-0.1397821833,-0.0925455181,0.6184210526
13,48,-0.1376962802,-0.0933420840,0.6315789474
13,49,-0.1356242584,-0.0941731548,0.6447368421
13,50,-0.1336125752,-0.0951427292,0.6578947368
13,51,-0.1316143483,-0.0961399505,0.6710526316
13,52,-0.1296168618,-0.0971386574,0.6842105263
13,53,-0.1276193880,-0.0981373895,0.6973684211
13,54,-0.1256219141,-0.0991361217,0.7105263158
13,55,-0.1236244433,-0.1001348601,0.7236842105
13,56,-0.1216269733,-0.1011335999,0.7368421053
13,57,-0.1196295032,-0.1021323396,0.7500000000
13,58,-0.1176320331,-0.1031310794,0.7631578947
13,59,-0.1156345625,-0.1041298181,0.7763157895
13,60,-0.1136370887,-0.1051285503,0.7894736842
13,61,-0.1116396148,-0.1061272825,0.8026315789
13,62,-0.1096423180,-0.1071263684,0.8157894737
13,63,-0.1076495678,-0.1081344262,0.8289473684
13,64,-0.1056965311,-0.1092166215,0.8421052632
13,65,-0.1038057456,-0.1104047786,0.8552631579
13,66,-0.1018797171,-0.1115338225,0.8684210526
13,67,-0.0998951720,-0.1125578121,0.8815789474
13,68,-0.0979010066,-0.1135631248,0.8947368421
13,69,-0.0959394190,-0.1146296654,0.9078947368
13,70,-0.0940414356,-0.1158059482,0.9210526316
13,71,-0.0921289214,-0.1169582596,0.9342105263
13,72,-0.0901478153,-0.1179888408,0.9473684211
13,73,-0.0881538414,-0.1189945309,0.9605263158
13,74,-0.0861909508,-0.1200579995,0.9736842105
13,75,-0.0843504820,-0.1213194302,0.9868421053
13,76,-0.0826867853,-0.1228083491,1.0000000000
14,0,-0.2001367434,0.3581997566,0.0000000000
14,1,-0.2020695144,0.3570929037,0.0142857143
14,2,-0.2040044872,0.3559896303,0.0285714286
14,3,-0.2058725519,0.3547761036,0.0428571429
14,4,-0.2077290247,0.3535448096,0.0571428571
14,5,-0.2095760522,0.3522993938,0.0714285714
14,6,-0.2113751553,0.3509869399,0.0857142857
14,7,-0.2130564716,0.3495272198,0.1000000000
14,8,-0.2146514782,0.3479721284,0.1142857143
14,9,-0.2162285718,0.3463987982,0.1285714286
14,10,-0.2177918245,0.3448117767,0.1428571429
14,11,-0.2193012070,0.3431739508,0.1571428571
14,12,-0.2206713430,0.3414184973,0.1714285714
14,13,-0.2219990300,0.3396297713,0.1857142857
14,14,-0.2233540249,0.3378617321,0.2000000000
14,15,-0.2246312907,0.3360369798,0.2142857143
14,16,-0.2258502190,0.3341724871,0.2285714286
14,17,-0.2269472511,0.3322343401,0.2428571429
14,18,-0.2279563186,0.3302484024,0.2571428571
14,19,-0.2289085116,0.3282348562,0.2714285714
14,20,-0.2297172772,0.3261597840,0.2857142857
14,21,-0.2305252997,0.3240843039,0.3000000000
14,22,-0.2314021159,0.3220366036,0.3142857143
14,23,-0.2321555672,0.3199406970,0.3285714286
14,24,-0.2328656656,0.3178292260,0.3428571429
14,25,-0.2335499030,0.3157092695,0.3571428571
14,26,-0.2341242589,0.3135578941,0.3714285714
14,27,-0.2346514330,0.3113938942,0.3857142857
14,28,-0.2352098919,0.3092377299,0.4000000000
14,29,-0.2357252170,0.3070707673,0.4142857143
14,30,-0.2362403648,0.3049048718,0.4285714286
14,31,-0.2363962507,0.3026841938,0.4428571429
14,32,-0.2364055310,0.3004565342,0.4571428571
14,33,-0.2364056273,0.2982288432,0.4714285714
14,34,-0.2364056273,0.2960011522,0.4857142857
14,35,-0.2364056263,0.2937734612,0.5000000000
14,36,-0.2364043650,0.2915457708,0.5142857143
14,37,-0.2363559258,0.2893188308,0.5285714286
14,38,-0.2360054629,0.2871218051,0.5428571429
14,39,-0.2354849522,0.2849564932,0.5571428571
14,40,-0.2352954749,0.2827391164,0.5714285714
14,41,-0.2352238450,0.2805125997,0.5857142857
14,42,-0.2352895386,0.2782889079,0.6000000000
14,43,-0.2356520488,0.2760933504,0.6142857143
14,44,-0.2361228044,0.2739161760,0.6285714286
14,45,-0.2363710486,0.2717045082,0.6428571429
14,46,-0.2364048363,0.2694774194,0.6571428571
14,47,-0.2364046970,0.2672497294,0.6714285714
14,48,-0.2363670964,0.2650225899,0.6857142857
14,49,-0.2360637319,0.2628202505,0.7000000000
14,50,-0.2354286494,0.2606863209,0.7142857143
14,51,-0.2346604747,0.2585961742,0.7285714286
14,52,-0.2337322491,0.2565716926,0.7428571429
14,53,-0.2327412140,0.2545765908,0.7571428571
14,54,-0.2317458101,0.2525836588,0.7714285714
14,55,-0.2307724801,0.2505799618,0.7857142857
14,56,-0.2299209382,0.2485226849,0.8000000000
14,57,-0.2291960878,0.2464163149,0.8142857143
14,58,-0.2284842101,0.2443054296,0.8285714286
14,59,-0.2277720072,0.2421946734,0.8428571429
14,60,-0.2270143177,0.2401001982,0.8571428571
14,61,-0.2261297678,0.2380565680,0.8714285714
14,62,-0.2250619556,0.2361030378,0.8857142857
14,63,-0.2237953549,0.2342722631,0.9000000000
14,64,-0.2224635738,0.2324867596,0.9142857143
14,65,-0.2211941774,0.2306567079,0.9285714286
14,66,-0.2197442639,0.2289713247,0.9428571429
14,67,-0.2180356500,0.2275467026,0.9571428571
14,68,-0.2161477210,0.2263650780,0.9714285714
14,69,-0.2142297453,0.2252322020,0.9857142857
14,70,-0.2124412243,0.2239073574,1.0000000000
15,0,-0.0691321269,-0.1267981742,0.0000000000
15,1,-0.0713830661,-0.1267981742,0.0147058824
15,2,-0.0736340054,-0.1267981742,0.0294117647
15,3,-0.0758849446,-0.1267981742,0.0441176471
15,4,-0.0781358839,-0.1267981742,0.0588235294
15,5,-0.0803868232,-0.1267981742,0.0735294118
15,6,-0.0826377624,-0.1267981742,0.0882352941
15,7,-0.0848887014,-0.1267973946,0.1029411765
15,8,-0.0871392058,-0.1267659903,0.1176470588
15,9,-0.0893693649,-0.1264948588,0.1323529412
15,10,-0.0915574332,-0.1259695907,0.1470588235
15,11,-0.0937889199,-0.1257087669,0.1617647059
15,12,-0.0960389549,-0.1256498808,0.1764705882
15,13,-0.0982701104,-0.1253864218,0.1911764706
15,14,-0.1004570650,-0.1248562630,0.2058823529
15,15,-0.1026765424,-0.1244884014,0.2205882353
15,16,-0.1048767171,-0.1240235067,0.2352941176
15,17,-0.1070595566,-0.1234755077,0.2500000000
15,18,-0.1092462965,-0.1229433349,0.2647058824
15,19,-0.1114386489,-0.1224410435,0.2794117647
15,20,-0.1136620884,-0.1220949051,0.2941176471
15,21,-0.1158442865,-0.1215453556,0.3088235294
15,22,-0.1180360107,-0.1210334739,0.3235294118
15,23,-0.1202140621,-0.1204663001,0.3382352941
15,24,-0.1224282652,-0.1200697608,0.3529411765
15,25,-0.1246386366,-0.1196533951,0.3676470588
15,26,-0.1268278924,-0.1191343055,0.3823529412
15,27,-0.1290682927,-0.1189225959,0.3970588235
15,28,-0.1312856988,-0.1185508909,0.4117647059
15,29,-0.1334740534,-0.1180268289,0.4264705882
15,30,-0.1357170960,-0.1178599710,0.4411764706
15,31,-0.1379679913,-0.1178497093,0.4558823529
15,32,-0.1402189305,-0.1178496060,0.4705882353
15,33,-0.1424698698,-0.1178496060,0.4852941176
15,34,-0.1447208091,-0.1178496060,0.5000000000
15,35,-0.1469717483,-0.1178496060,0.5147058824
15,36,-0.1492226876,-0.1178496060,0.5294117647
15,37,-0.1514736269,-0.1178496060,0.5441176471
15,38,-0.1537245661,-0.1178496143,0.5588235294
15,39,-0.1559755017,-0.1178516688,0.5735294118
15,40,-0.1582249762,-0.1179126631,0.5882352941
15,41,-0.1604414453,-0.1182863784,0.6029411765
15,42,-0.1626315351,-0.1188015023,0.6176470588
15,43,-0.1648753891,-0.1189588719,0.6323529412
15,44,-0.1671262970,-0.1189682576,0.6470588235
15,45,-0.1693771478,-0.1189810129,0.6617647059
15,46,-0.1716187283,-0.1191597074,0.6764705882
15,47,-0.1738067966,-0.1196849755,0.6911764706
15,48,-0.1760268912,-0.1200376051,0.7058823529
15,49,-0.1782770894,-0.1200855364,0.7205882353
15,50,-0.1805280280,-0.1200867481,0.7352941176
15,51,-0.1827789673,-0.1200869144,0.7500000000
15,52,-0.1850298226,-0.1200993274,0.7647058824
15,53,-0.1872713010,-0.1202785842,0.7794117647
15,54,-0.1894460280,-0.1208527704,0.7941176471
15,55,-0.1915742087,-0.1215853678,0.8088235294
15,56,-0.1936326322,-0.1224940597,0.8235294118
15,57,-0.1956071143,-0.1235721775,0.8382352941
15,58,-0.1974572722,-0.1248513425,0.8529411765
15,59,-0.1992331754,-0.1262344168,0.8676470588
15,60,-0.2009342094,-0.1277044841,0.8823529412
15,61,-0.2024033663,-0.1294072497,0.8970588235
15,62,-0.2038725944,-0.1311117553,0.9117647059
15,63,-0.2054345691,-0.1327322823,0.9264705882
15,64,-0.2070227305,-0.1343274187,0.9411764706
15,65,-0.2086140523,-0.1359194056,0.9558823529
15,66,-0.2102056879,-0.1375110788,0.9705882353
15,67,-0.2117973423,-0.1391027332,0.9852941176
15,68,-0.2133889967,-0.1406943877,1.0000000000
16,0,-0.2218739520,0.2181963136,0.0000000000
16,1,-0.2221631308,0.2159743341,0.0153846154
16,2,-0.2226992865,0.2137949361,0.0307692308
16,3,-0.2230624886,0.2115807037,0.0461538462
16,4,-0.2235317447,0.2093875563,0.0615384615
16,5,-0.2240762516,0.2072100303,0.0769230769
16,6,-0.2246087408,0.2050295425,0.0923076923
16,7,-0.2251063945,0.2028423351,0.1076923077
16,8,-0.2254530630,0.2006250852,0.1230769231
16,9,-0.2260016503,0.1984488209,0.1384615385
16,10,-0.2265123594,0.1962629820,0.1538461538
16,11,-0.2270895122,0.1940937437,0.1692307692
16,12,-0.2276010772,0.1919081154,0.1846153846
16,13,-0.2281782300,0.1897388772,0.2000000000
16,14,-0.2286907711,0.1875534777,0.2153846154
16,15,-0.2292640223,0.1853832339,0.2307692308
16,16,-0.2297839841,0.1831996531,0.2461538462
16,17,-0.2303805837,0.1810363241,0.2615384615
16,18,-0.2310685608,0.1788994156,0.2769230769
16,19,-0.2317021781,0.1767464572,0.2923076923
16,20,-0.2322224029,0.1745629556,0.3076923077
16,21,-0.2328707448,0.1724142634,0.3230769231
16,22,-0.2335557293,0.1702764078,0.3384615385
16,23,-0.2341326021,0.1681078511,0.3538461538
16,24,-0.2346831922,0.1659323518,0.3692307692
16,25,-0.2353798210,0.1637984364,0.3846153846
16,26,-0.2361964641,0.1617080191,0.4000000000
16,27,-0.2370776156,0.1596434137,0.4153846154
16,28,-0.2378232561,0.1575261705,0.4307692308
16,29,-0.2385380491,0.1553980779,0.4461538462
16,30,-0.2392478866,0.1532683242,0.4615384615
16,31,-0.2399560927,0.1511380243,0.4769230769
16,32,-0.2406740753,0.1490926663,0.4923076923
16,33,-0.2401033672,0.1512637726,0.5076923077
16,34,-0.2394989663,0.1534258239,0.5230769231
16,35,-0.2388945654,0.1555878752,0.5384615385
16,36,-0.2382901644,0.1577499265,0.5538461538
16,37,-0.2376787763,0.1599100080,0.5692307692
16,38,-0.2370649089,0.1620693906,0.5846153846
16,39,-0.2364510415,0.1642287732,0.6000000000
16,40,-0.2358371741,0.1663881557,0.6153846154
16,41,-0.2352233067,0.1685475383,0.6307692308
16,42,-0.2346094393,0.1707069209,0.6461538462
16,43,-0.2339955719,0.1728663035,0.6615384615
16,44,-0.2333815116,0.1750256312,0.6769230769
16,45,-0.2327671349,0.1771848689,0.6923076923
16,46,-0.2321527581,0.1793441066,0.7076923077
16,47,-0.2315383814,0.1815033444,0.7230769231
16,48,-0.2309240046,0.1836625821,0.7384615385
16,49,-0.2303096279,0.1858218198,0.7538461538
16,50,-0.2296952511,0.1879810575,0.7692307692
16,51,-0.2290808744,0.1901402952,0.7846153846
16,52,-0.2284664976,0.1922995329,0.8000000000
16,53,-0.2278521209,0.1944587707,0.8153846154
16,54,-0.2272437437,0.1966197054,0.8307692308
16,55,-0.2266360697,0.1987808391,0.8461538462
16,56,-0.2260283958,0.2009419727,0.8615384615
16,57,-0.2254207218,0.2031031064,0.8769230769
16,58,-0.2248130479,0.2052642400,0.8923076923
16,59,-0.2242053739,0.2074253737,0.9076923077
16,60,-0.2235977000,0.2095865074,0.9230769231
16,61,-0.2229919863,0.2117481843,0.9384615385
16,62,-0.2224004946,0.2139138029,0.9538461538
16,63,-0.2218090029,0.2160794215,0.9692307692
16,64,-0.2212175112,0.2182450401,0.9846153846
16,65,-0.2206260195,0.2204106587,1.0000000000
17,0,-0.0491296545,0.2956098892,0.0000000000
17,1,-0.0512473988,0.2949192737,0.0153846154
17,2,-0.0534126437,0.2943740329,0.0307692308
17,3,-0.0555765211,0.2938239024,0.0461538462
17,4,-0.0577456906,0.2932949345,0.0615384615
17,5,-0.0599074761,0.2927363790,0.0769230769
17,6,-0.0620755248,0.2922037221,0.0923076923
17,7,-0.0642036653,0.2915271085,0.1076923077
17,8,-0.0663218129,0.2908197141,0.1230769231
17,9,-0.0684439130,0.2901242519,0.1384615385
17,10,-0.0705881155,0.2895027428,0.1538461538
17,11,-0.0727602081,0.2889854461,0.1692307692
17,12,-0.0748951514,0.2883320309,0.1846153846
17,13,-0.0770149967,0.2876297710,0.2000000000
17,14,-0.0791276414,0.2869062730,0.2153846154
17,15,-0.0812011963,0.2860790855,0.2307692308
17,16,-0.0832586256,0.2852115538,0.2461538462
17,17,-0.0853675206,0.2844773126,0.2615384615
17,18,-0.0874825446,0.2837605927,0.2769230769
17,19,-0.0895704709,0.2829702349,0.2923076923
17,20,-0.0916233003,0.2820914956,0.3076923077
17,21,-0.0937194257,0.2813230286,0.3230769231
17,22,-0.0958344497,0.2806063087,0.3384615385
17,23,-0.0979368602,0.2798546224,0.3538461538
17,24,-0.0999896896,0.2789758831,0.3692307692
17,25,-0.1020720458,0.2781707965,0.3846153846
17,26,-0.1041868071,0.2774533583,0.4000000000
17,27,-0.1063063053,0.2767499934,0.4153846154
17,28,-0.1084239666,0.2760411361,0.4307692308
17,29,-0.1105427087,0.2753355142,0.4461538462
17,30,-0.1126555359,0.2746125365,0.4615384615
17,31,-0.1147308895,0.2737896970,0.4769230769
17,32,-0.1168025852,0.2729586203,0.4923076923
17,33,-0.1189659228,0.2724079546,0.5076923077
17,34,-0.1211243641,0.2718359097,0.5230769231
17,35,-0.1233074617,0.2713712505,0.5384615385
17,36,-0.1255271663,0.2711443607,0.5538461538
17,37,-0.1277574917,0.2711975092,0.5692307692
17,38,-0.1299842054,0.2713657644,0.5846153846
17,39,-0.1322166794,0.2714109149,0.6000000000
17,40,-0.1344498391,0.2714130122,0.6153846154
17,41,-0.1366829748,0.2714046542,0.6307692308
17,42,-0.1389098162,0.2712604916,0.6461538462
17,43,-0.1410863055,0.2707691166,0.6615384615
17,44,-0.1432809206,0.2703745704,0.6769230769
17,45,-0.1455105156,0.2702584596,0.6923076923
17,46,-0.1477186688,0.2699520798,0.7076923077
17,47,-0.1498878998,0.2694240640,0.7230769231
17,48,-0.1520925373,0.2690736632,0.7384615385
17,49,-0.1542640580,0.2685651840,0.7538461538
17,50,-0.1563906661,0.2678838876,0.7692307692
17,51,-0.1585086835,0.2671761038,0.7846153846
17,52,-0.1606329229,0.2664872907,0.8000000000
17,53,-0.1627854969,0.2658958196,0.8153846154
17,54,-0.1649413431,0.2653196850,0.8307692308
17,55,-0.1669934816,0.2644415825,0.8461538462
17,56,-0.1690076106,0.2634771679,0.8615384615
17,57,-0.1710639098,0.2626072766,0.8769230769
17,58,-0.1730917737,0.2616771983,0.8923076923
17,59,-0.1750200276,0.2605514654,0.9076923077
17,60,-0.1769752404,0.2594731612,0.9230769231
17,61,-0.1789560037,0.2584419592,0.9384615385
17,62,-0.1808847107,0.2573178473,0.9538461538
17,63,-0.1827541151,0.2560963487,0.9692307692
17,64,-0.1846208891,0.2548707190,0.9846153846
17,65,-0.1865445419,0.2537396519,1.0000000000
18,0,0.2372245289,-0.0742253359,0.0000000000
18,1,0.2349818902,-0.0742253908,0.0156250000
18,2,0.2327392710,-0.0742315631,0.0312500000
18,3,0.2305024199,-0.0743578170,0.0468750000
18,4,0.2309087981,-0.0749834992,0.0625000000
18,5,0.2331433992,-0.0751670669,0.0781250000
18,6,0.2353855335,-0.0752146306,0.0937500000
18,7,0.2376276414,-0.0752243707,0.1093750000
18,8,0.2398697070,-0.0751736708,0.1250000000
18,9,0.2421048640,-0.0750031680,0.1406250000
18,10,0.2443177558,-0.0746544254,0.1562500000
18,11,0.2465057021,-0.0741625486,0.1718750000
18,12,0.2486435290,-0.0734960251,0.1875000000
18,13,0.2506739780,-0.0725472330,0.2031250000
18,14,0.2526232428,-0.0714399726,0.2187500000
18,15,0.2545023085,-0.0702159559,0.2343750000
18,16,0.2563705543,-0.0689753735,0.2500000000
18,17,0.2582272688,-0.0677176439,0.2656250000
18,18,0.2600302074,-0.0663852217,0.2812500000
18,19,0.2617037907,-0.0648938073,0.2968750000
18,20,0.2633065436,-0.0633252584,0.3125000000
18,21,0.2648938653,-0.0617410144,0.3281250000
18,22,0.2664767351,-0.0601523237,0.3437500000
18,23,0.2680391363,-0.0585436024,0.3593750000
18,24,0.2694910584,-0.0568358135,0.3750000000
18,25,0.2707974613,-0.0550139026,0.3906250000
18,26,0.2720263277,-0.0531380598,0.4062500000
18,27,0.2731343341,-0.0511890233,0.4218750000
18,28,0.2741541257,-0.0491917480,0.4375000000
18,29,0.2751557344,-0.0471852100,0.4531250000
18,30,0.2761277687,-0.0451642821,0.4687500000
18,31,0.2769477505,-0.0430777484,0.4843750000
18,32,0.2776696239,-0.0409545013,0.5000000000
18,33,0.2783711290,-0.0388244232,0.5156250000
18,34,0.2790086350,-0.0366750037,0.5312500000
18,35,0.2795230484,-0.0344924442,0.5468750000
18,36,0.2800784505,-0.0323201503,0.5625000000
18,37,0.2804457007,-0.0301090141,0.5781250000
18,38,0.2809031863,-0.0279155492,0.5937500000
18,39,0.2813650019,-0.0257239596,0.6093750000
18,40,0.2815103060,-0.0234871116,0.6250000000
18,41,0.2817484426,-0.0212607380,0.6406250000
18,42,0.2822720437,-0.0190808014,0.6562500000
18,43,0.2825726795,-0.0168626161,0.6718750000
18,44,0.2826104098,-0.0146205298,0.6875000000
18,45,0.2826113301,-0.0123778915,0.7031250000
18,46,0.2826113301,-0.0101352528,0.7187500000
18,47,0.2826113301,-0.0078926140,0.7343750000
18,48,0.2826113301,-0.0056499753,0.7500000000
18,49,0.2826113301,-0.0034073365,0.7656250000
18,50,0.2826113301,-0.0011646978,0.7812500000
18,51,0.2826108612,0.0010779408,0.7968750000
18,52,0.2825884712,0.0033203109,0.8125000000
18,53,0.2823634580,0.0055478350,0.8281250000
18,54,0.2818366108,0.0077270144,0.8437500000
18,55,0.2814538089,0.0099353290,0.8593750000
18,56,0.2810193829,0.0121334117,0.8750000000
18,57,0.2804584017,0.0143045289,0.8906250000
18,58,0.2798860408,0.0164713408,0.9062500000
18,59,0.2790050083,0.0185324986,0.9218750000
18,60,0.2780119064,0.0205432239,0.9375000000
18,61,0.2770048451,0.0225470258,0.9531250000
18,62,0.2759384824,0.0245190544,0.9687500000
18,63,0.2746728035,0.0263679821,0.9843750000
18,64,0.2731783030,0.0280392387,1.0000000000
19,0,0.1411967695,0.1590941135,0.0000000000
19,1,0.1431396606,0.1579817332,0.0158730159
19,2,0.1450839355,0.1568715518,0.0317460317
19,3,0.1469614170,0.1556513556,0.0476190476
19,4,0.1488276264,0.1544138778,0.0634920635
19,5,0.1506889622,0.1531690725,0.0793650794
19,6,0.1525530922,0.1519284696,0.0952380952
19,7,0.1544042803,0.1506687111,0.1111111111
19,8,0.1561967326,0.1493278302,0.1269841270
19,9,0.1578509800,0.1478193328,0.1428571429
19,10,0.1594488435,0.1462506711,0.1587301587
19,11,0.1610330287,0.1446681202,0.1746031746
19,12,0.1626129345,0.1430812997,0.1904761905
19,13,0.1641640080,0.1414666167,0.2063492063
19,14,0.1656061890,0.1397550223,0.2222222222
19,15,0.1669403106,0.1379569244,0.2380952381
19,16,0.1682984173,0.1361766413,0.2539682540
19,17,0.1694700895,0.1342783850,0.2698412698
19,18,0.1677459051,0.1349010920,0.2857142857
19,19,0.1659114127,0.1361851298,0.3015873016
19,20,0.1641394991,0.1375527172,0.3174603175
19,21,0.1623913748,0.1389520659,0.3333333333
19,22,0.1606432504,0.1403514145,0.3492063492
19,23,0.1588951260,0.1417507632,0.3650793651
19,24,0.1571608218,0.1431670426,0.3809523810
19,25,0.1554397414,0.1445995221,0.3968253968
19,26,0.1537186609,0.1460320015,0.4126984127
19,27,0.1519975804,0.1474644810,0.4285714286
19,28,0.1502764999,0.1488969605,0.4444444444
19,29,0.1485554195,0.1503294400,0.4603174603
19,30,0.1468475985,0.1517776865,0.4761904762
19,31,0.1451411919,0.1532276147,0.4920634921
19,32,0.1434347853,0.1546775429,0.5079365079
19,33,0.1417283786,0.1561274711,0.5238095238
19,34,0.1400237511,0.1575794670,0.5396825397
19,35,0.1383354781,0.1590504699,0.5555555556
19,36,0.1366472050,0.1605214729,0.5714285714
19,37,0.1349675310,0.1620021124,0.5873015873
19,38,0.1333145092,0.1635126204,0.6031746032
19,39,0.1316985573,0.1650625194,0.6190476190
19,40,0.1301116386,0.1666423185,0.6349206349
19,41,0.1285321640,0.1682295662,0.6507936508
19,42,0.1269916056,0.1698539409,0.6666666667
19,43,0.1256156122,0.1716171057,0.6825396825
19,44,0.1244222195,0.1735109004,0.6984126984
19,45,0.1231377643,0.1753429686,0.7142857143
19,46,0.1216853784,0.1770447322,0.7301587302
19,47,0.1200697284,0.1785917604,0.7460317460
19,48,0.1182987642,0.1799594605,0.7619047619
19,49,0.1164501066,0.1812229274,0.7777777778
19,50,0.1146098747,0.1824984006,0.7936507937
19,51,0.1128285599,0.1838549975,0.8095238095
19,52,0.1110342343,0.1851943249,0.8253968254
19,53,0.1092327875,0.1865241454,0.8412698413
19,54,0.1074590035,0.1878906754,0.8571428571
19,55,0.1056656675,0.1892310497,0.8730158730
19,56,0.1040070663,0.1907311647,0.8888888889
19,57,0.1025751096,0.1924506406,0.9047619048
19,58,0.1011601069,0.1941851917,0.9206349206
19,59,0.0995873564,0.1957766537,0.9365079365
19,60,0.0977711132,0.1970789102,0.9523809524
19,61,0.0957922440,0.1981254797,0.9682539683
19,62,0.0938665275,0.1992671959,0.9841269841
19,63,0.0919796442,0.2004728431,1.0000000000
20,0,-0.1453267629,0.2600538356,0.0000000000
20,1,-0.1474534354,0.2593049265,0.0161290323
20,2,-0.1495683743,0.2585250949,0.0322580645
20,3,-0.1516197612,0.2575907612,0.0483870968
20,4,-0.1536392238,0.2565880314,0.0645161290
20,5,-0.1556559045,0.2555797053,0.0806451613
20,6,-0.1576703203,0.2545668744,0.0967741935
20,7,-0.1596574501,0.2535024248,0.1129032258
20,8,-0.1615733226,0.2523146472,0.1290322581
20,9,-0.1634536009,0.2510703502,0.1451612903
20,10,-0.1653264722,0.2498149502,0.1612903226
20,11,-0.1671828605,0.2485355219,0.1774193548
20,12,-0.1689779180,0.2471714071,0.1935483871
20,13,-0.1707826427,0.2458201325,0.2096774194
20,14,-0.1725979700,0.2444830330,0.2258064516
20,15,-0.1743994482,0.2431277532,0.2419354839
20,16,-0.1763031006,0.2419222663,0.2580645161
20,17,-0.1782545947,0.2407931134,0.2741935484
20,18,-0.1801592069,0.2395863929,0.2903225806
20,19,-0.1821149368,0.2384660515,0.3064516129
20,20,-0.1841454229,0.2374877009,0.3225806452
20,21,-0.1862514222,0.2366847381,0.3387096774
20,22,-0.1883873930,0.2359626999,0.3548387097
20,23,-0.1905303434,0.2352616633,0.3709677419
20,24,-0.1926984054,0.2346451059,0.3870967742
20,25,-0.1948934027,0.2341306361,0.4032258065
20,26,-0.1970820076,0.2335922701,0.4193548387
20,27,-0.1986442427,0.2338611609,0.4354838710
20,28,-0.1967633430,0.2350805349,0.4516129032
20,29,-0.1947465679,0.2360886720,0.4677419355
20,30,-0.1927297928,0.2370968091,0.4838709677
20,31,-0.1906948844,0.2380670231,0.5000000000
20,32,-0.1886440160,0.2390038588,0.5161290323
20,33,-0.1865931475,0.2399406945,0.5322580645
20,34,-0.1845422791,0.2408775302,0.5483870968
20,35,-0.1824914107,0.2418143659,0.5645161290
20,36,-0.1804405423,0.2427512017,0.5806451613
20,37,-0.1783872290,0.2436826199,0.5967741935
20,38,-0.1763278831,0.2446006704,0.6129032258
20,39,-0.1742685371,0.2455187209,0.6290322581
20,40,-0.1722091911,0.2464367713,0.6451612903
20,41,-0.1701498452,0.2473548218,0.6612903226
20,42,-0.1680904992,0.2482728723,0.6774193548
20,43,-0.1660311533,0.2491909228,0.6935483871
20,44,-0.1639718073,0.2501089733,0.7096774194
20,45,-0.1619123689,0.2510268161,0.7258064516
20,46,-0.1598525567,0.2519438201,0.7419354839
20,47,-0.1577927445,0.2528608241,0.7580645161
20,48,-0.1557329324,0.2537778281,0.7741935484
20,49,-0.1536731202,0.2546948321,0.7903225806
20,50,-0.1516133081,0.2556118361,0.8064516129
20,51,-0.1495534959,0.2565288400,0.8225806452
20,52,-0.1474976880,0.2574547264,0.8387096774
20,53,-0.1454465447,0.2583909601,0.8548387097
20,54,-0.1433954013,0.2593271938,0.8709677419
20,55,-0.1413442580,0.2602634275,0.8870967742
20,56,-0.1393129596,0.2612414703,0.9032258065
20,57,-0.1372919147,0.2622409539,0.9193548387
20,58,-0.1352842196,0.2632663278,0.9354838710
20,59,-0.1332576662,0.2642532253,0.9516129032
20,60,-0.1313339434,0.2654274924,0.9677419355
20,61,-0.1295474556,0.2667988064,0.9838709677
20,62,-0.1281376619,0.2685417581,1.0000000000
21,0,-0.1294974195,0.0079563203,0.0000000000
21,1,-0.1276838917,0.0066330885,0.0204081633
21,2,-0.1256609071,0.0056622581,0.0408163265
21,3,-0.1234569252,0.0052465271,0.0612244898
21,4,-0.1212114639,0.0051452615,0.0816326531
21,5,-0.1189947061,0.0047908924,0.1020408163
21,6,-0.1168116153,0.0042576447,0.1224489796
21,7,-0.1145897138,0.0039187968,0.1428571429
21,8,-0.1124450416,0.0032615775,0.1632653061
21,9,-0.1104095383,0.0023097719,0.1836734694
21,10,-0.1084191399,0.0012659834,0.2040816327
21,11,-0.1064898321,0.0001139131,0.2244897959
21,12,-0.1046297174,-0.0011462910,0.2448979592
21,13,-0.1028527294,-0.0025201179,0.2653061224
21,14,-0.1012158678,-0.0040552193,0.2857142857
21,15,-0.0998361974,-0.0058231560,0.3061224490
21,16,-0.0986951092,-0.0077592406,0.3265306122
21,17,-0.0975529720,-0.0096949835,0.3469387755
21,18,-0.0965846681,-0.0117205098,0.3673469388
21,19,-0.0958319278,-0.0138384340,0.3877551020
21,20,-0.0951327173,-0.0159747232,0.4081632653
21,21,-0.0945541379,-0.0181450596,0.4285714286
21,22,-0.0943623437,-0.0203818094,0.4489795918
21,23,-0.0943473520,-0.0226294954,0.4693877551
21,24,-0.0943471066,-0.0248773132,0.4897959184
21,25,-0.0943471957,-0.0271251310,0.5102040816
21,26,-0.0943560223,-0.0293729191,0.5306122449
21,27,-0.0945089978,-0.0316138558,0.5510204082
21,28,-0.0950562753,-0.0337913357,0.5714285714
21,29,-0.0957789392,-0.0359195245,0.5918367347
21,30,-0.0966672979,-0.0379830905,0.6122448980
21,31,-0.0977113371,-0.0399728327,0.6326530612
21,32,-0.0988956381,-0.0418826953,0.6530612245
21,33,-0.1001657603,-0.0437371212,0.6734693878
21,34,-0.1016017210,-0.0454620010,0.6938775510
21,35,-0.1032873032,-0.0469445975,0.7142857143
21,36,-0.1051363748,-0.0482223959,0.7346938776
21,37,-0.1070335510,-0.0494270297,0.7551020408
21,38,-0.1090049940,-0.0505059106,0.7755102041
21,39,-0.1110154968,-0.0515111261,0.7959183673
21,40,-0.1130638618,-0.0524354439,0.8163265306
21,41,-0.1151794503,-0.0531929966,0.8367346939
21,42,-0.1173398033,-0.0538077610,0.8571428571
21,43,-0.1195685010,-0.0540623304,0.8775510204
21,44,-0.1218156275,-0.0540582818,0.8979591837
21,45,-0.1240427440,-0.0537882366,0.9183673469
21,46,-0.1262277492,-0.0532635708,0.9387755102
21,47,-0.1284557269,-0.0529971752,0.9591836735
21,48,-0.1306981571,-0.0528581165,0.9795918367
21,49,-0.1328531326,-0.0522644509,1.0000000000
22,0,-0.1862422472,-0.0507814318,0.0000000000
22,1,-0.1865964731,-0.0529893996,0.0212765957
22,2,-0.1868976696,-0.0552049047,0.0425531915
22,3,-0.1871235364,-0.0574294536,0.0638297872
22,4,-0.1873693326,-0.0596514820,0.0851063830
22,5,-0.1878850018,-0.0618170765,0.1063829787
22,6,-0.1889372471,-0.0637649033,0.1276595745
22,7,-0.1904649801,-0.0653822481,0.1489361702
22,8,-0.1922193752,-0.0667652122,0.1702127660
22,9,-0.1940066787,-0.0681069986,0.1914893617
22,10,-0.1955401655,-0.0697240472,0.2127659574
22,11,-0.1968092289,-0.0715640740,0.2340425532
22,12,-0.1982726596,-0.0732518063,0.2553191489
22,13,-0.1997689832,-0.0749119790,0.2765957447
22,14,-0.2011259791,-0.0766884730,0.2978723404
22,15,-0.2025030696,-0.0784502356,0.3191489362
22,16,-0.2039381396,-0.0801644589,0.3404255319
22,17,-0.2054054796,-0.0818519617,0.3617021277
22,18,-0.2069037020,-0.0835118596,0.3829787234
22,19,-0.2084167051,-0.0851585454,0.4042553191
22,20,-0.2099353164,-0.0868000284,0.4255319149
22,21,-0.2114640926,-0.0884320811,0.4468085106
22,22,-0.2129925541,-0.0900644283,0.4680851064
22,23,-0.2145202167,-0.0916975234,0.4893617021
22,24,-0.2160547966,-0.0933241082,0.5106382979
22,25,-0.2175933105,-0.0949469836,0.5319148936
22,26,-0.2191297519,-0.0965716716,0.5531914894
22,27,-0.2205969986,-0.0982592556,0.5744680851
22,28,-0.2218987257,-0.1000764956,0.5957446809
22,29,-0.2230879036,-0.1019703154,0.6170212766
22,30,-0.2242473399,-0.1038819554,0.6382978723
22,31,-0.2250300277,-0.1059617492,0.6595744681
22,32,-0.2252584358,-0.1081835359,0.6808510638
22,33,-0.2255866663,-0.1103922997,0.7021276596
22,34,-0.2262748282,-0.1125183139,0.7234042553
22,35,-0.2271317936,-0.1145838279,0.7446808511
22,36,-0.2279591026,-0.1166596998,0.7659574468
22,37,-0.2284310272,-0.1188359684,0.7872340426
22,38,-0.2282957714,-0.1210621725,0.8085106383
22,39,-0.2279063157,-0.1232635402,0.8297872340
22,40,-0.2274011329,-0.1254416363,0.8510638298
22,41,-0.2266854978,-0.1275588137,0.8723404255
22,42,-0.2257854304,-0.1296045871,0.8936170213
22,43,-0.2247593109,-0.1315905330,0.9148936170
22,44,-0.2236471915,-0.1335305301,0.9361702128
22,45,-0.2224935314,-0.1354462078,0.9574468085
22,46,-0.2214349306,-0.1374155686,0.9787234043
22,47,-0.2207847252,-0.1395476225,1.0000000000
23,0,-0.1429173046,0.2573462997,0.0000000000
23,1,-0.1441713424,0.2555176781,0.0256410256
23,2,-0.1455876350,0.2538125912,0.0512820513
23,3,-0.1471179072,0.2522077502,0.0769230769
23,4,-0.1486822624,0.2506356757,0.1025641026
23,5,-0.1502501910,0.2490671608,0.1282051282
23,6,-0.1518184116,0.2474989379,0.1538461538
23,7,-0.1533866333,0.2459307162,0.1794871795
23,8,-0.1549548551,0.2443624944,0.2051282051
23,9,-0.1565230768,0.2427942727,0.2307692308
23,10,-0.1580913478,0.2412261002,0.2564102564
23,11,-0.1596618042,0.2396601197,0.2820512821
23,12,-0.1612487633,0.2381109440,0.3076923077
23,13,-0.1629137992,0.2366474110,0.3333333333
23,14,-0.1646853203,0.2353137680,0.3589743590
23,15,-0.1664529098,0.2339744515,0.3846153846
23,16,-0.1682232851,0.2326389524,0.4102564103
23,17,-0.1700564446,0.2313907810,0.4358974359
23,18,-0.1719298022,0.2302046118,0.4615384615
23,19,-0.1738749887,0.2291402472,0.4871794872
23,20,-0.1758556175,0.2281423882,0.5128205128
23,21,-0.1778415183,0.2271550634,0.5384615385
23,22,-0.1798540612,0.2262244758,0.5641025641
23,23,-0.1819303923,0.2254472902,0.5897435897
23,24,-0.1840315725,0.2247376001,0.6153846154
23,25,-0.1861369054,0.2240403151,0.6410256410
23,26,-0.1882404773,0.2233377781,0.6666666667
23,27,-0.1903561834,0.2226729820,0.6923076923
23,28,-0.1925324250,0.2222657145,0.7179487179
23,29,-0.1947398740,0.2220575025,0.7435897436
23,30,-0.1969037790,0.2215815655,0.7692307692
23,31,-0.1990800472,0.2211725552,0.7948717949
23,32,-0.2012946437,0.2210819727,0.8205128205
23,33,-0.2035124305,0.2210766756,0.8461538462
23,34,-0.2057298468,0.2210466915,0.8717948718
23,35,-0.2079388373,0.2208645615,0.8974358974
23,36,-0.2101289925,0.2205164227,0.9230769231
23,37,-0.2123192000,0.2201685962,0.9487179487
23,38,-0.2145283318,0.2199876483,0.9743589744
23,39,-0.2167457601,0.2199589445,1.0000000000
24,0,0.0258727549,0.1526515008,0.0000000000
24,1,0.0244746911,0.1526275127,0.0263157895
24,2,0.0223401955,0.1533658677,0.0526315789
24,3,0.0202161525,0.1541345592,0.0789473684
24,4,0.0180623413,0.1548118640,0.1052631579
24,5,0.0158664365,0.1553398671,0.1315789474
24,6,0.0137024558,0.1559853756,0.1578947368
24,7,0.0115591388,0.1566984003,0.1842105263
24,8,0.0094309558,0.1574554804,0.2105263158
24,9,0.0073155870,0.1582477101,0.2368421053
24,10,0.0051822541,0.1589877058,0.2631578947
24,11,0.0029892938,0.1595193194,0.2894736842
24,12,0.0007736877,0.1599551096,0.3157894737
24,13,-0.0014215501,0.1604843285,0.3421052632
24,14,-0.0036710821,0.1606645116,0.3684210526
24,15,-0.0059271816,0.1607640911,0.3947368421
24,16,-0.0081337511,0.1612254846,0.4210526316
24,17,-0.0102803745,0.1619269662,0.4473684211
24,18,-0.0124404525,0.1625840757,0.4736842105
24,19,-0.0146761902,0.1628846849,0.5000000000
24,20,-0.0169275311,0.1630573835,0.5263157895
24,21,-0.0191303640,0.1635473976,0.5526315789
24,22,-0.0213480456,0.1639615742,0.5789473684
24,23,-0.0235861493,0.1642552079,0.6052631579
24,24,-0.0257688284,0.1648273203,0.6315789474
24,25,-0.0279268952,0.1654914223,0.6578947368
24,26,-0.0301430100,0.1659022651,0.6842105263
24,27,-0.0323972219,0.1659440503,0.7105263158
24,28,-0.0346425723,0.1657114138,0.7368421053
24,29,-0.0368745314,0.1653639158,0.7631578947
24,30,-0.0391215896,0.1651421985,0.7894736842
24,31,-0.0413685675,0.1649192874,0.8157894737
24,32,-0.0435934947,0.1645318757,0.8421052632
24,33,-0.0458009446,0.1640535691,0.8684210526
24,34,-0.0479822978,0.1634675256,0.8947368421
24,35,-0.0501875446,0.1629892187,0.9210526316
24,36,-0.0524076301,0.1625869100,0.9473684211
24,37,-0.0544694121,0.1616954269,0.9736842105
24,38,-0.0560822671,0.1601486091,1.0000000000
25,0,-0.1184810582,-0.1462256672,0.0000000000
25,1,-0.1206141807,-0.1469203749,0.0270270270
25,2,-0.1227889772,-0.1474905778,0.0540540541
25,3,-0.1249313912,-0.1481748529,0.0810810811
25,4,-0.1270810031,-0.1488348570,0.1081081081
25,5,-0.1292685059,-0.1493561087,0.1351351351
25,6,-0.1314282603,-0.1499810844,0.1621621622
25,7,-0.1335654639,-0.1506815454,0.1891891892
25,8,-0.1356987661,-0.1513937857,0.2162162162
25,9,-0.1378443703,-0.1520677815,0.2432432432
25,10,-0.1400487769,-0.1525018277,0.2702702703
25,11,-0.1422619131,-0.1528940653,0.2972972973
25,12,-0.1444473508,-0.1534224058,0.3243243243
25,13,-0.1466811900,-0.1536669535,0.3513513514
25,14,-0.1489024629,-0.1539998262,0.3783783784
25,15,-0.1510886277,-0.1545250505,0.4054054054
25,16,-0.1533236145,-0.1547425578,0.4324324324
25,17,-0.1555717848,-0.1548013749,0.4594594595
25,18,-0.1577958400,-0.1551070049,0.4864864865
25,19,-0.1599820833,-0.1556318844,0.5135135135
25,20,-0.1622159119,-0.1558581699,0.5405405405
25,21,-0.1644647168,-0.1558805589,0.5675675676
25,22,-0.1667137899,-0.1558810210,0.5945945946
25,23,-0.1689628632,-0.1558810210,0.6216216216
25,24,-0.1712119364,-0.1558810210,0.6486486486
25,25,-0.1734610097,-0.1558810210,0.6756756757
25,26,-0.1757100830,-0.1558810210,0.7027027027
25,27,-0.1779591563,-0.1558810210,0.7297297297
25,28,-0.1802082296,-0.1558810210,0.7567567568
25,29,-0.1824573029,-0.1558810210,0.7837837838
25,30,-0.1847063762,-0.1558810210,0.8108108108
25,31,-0.1869554490,-0.1558800107,0.8378378378
25,32,-0.1892039062,-0.1558389119,0.8648648649
25,33,-0.1914248757,-0.1555132120,0.8918918919
25,34,-0.1935777248,-0.1548653803,0.9189189189
25,35,-0.1957124236,-0.1541573667,0.9459459459
25,36,-0.1978446869,-0.1534419985,0.9729729730
25,37,-0.1999673943,-0.1526988741,1.0000000000
26,0,-0.0690945839,-0.3992547945,0.0000000000
26,1,-0.0675197374,-0.4008207062,0.0285714286
26,2,-0.0659039914,-0.4023438413,0.0571428571
26,3,-0.0641913260,-0.4037561652,0.0857142857
26,4,-0.0624032090,-0.4050731561,0.1142857143
26,5,-0.0606438670,-0.4064283458,0.1428571429
26,6,-0.0588581214,-0.4077485792,0.1714285714
26,7,-0.0571102394,-0.4091176147,0.2000000000
26,8,-0.0554214439,-0.4105599070,0.2285714286
26,9,-0.0536577426,-0.4119080232,0.2571428571
26,10,-0.0518249342,-0.4131621464,0.2857142857
26,11,-0.0499771933,-0.4143942396,0.3142857143
26,12,-0.0481301337,-0.4156273614,0.3428571429
26,13,-0.0462802080,-0.4168561720,0.3714285714
26,14,-0.0444213461,-0.4180713156,0.4000000000
26,15,-0.0425034132,-0.4191894772,0.4285714286
26,16,-0.0405279566,-0.4202040377,0.4571428571
26,17,-0.0385248154,-0.4211626634,0.4857142857
26,18,-0.0364324183,-0.4218987641,0.5142857143
26,19,-0.0342919432,-0.4224860635,0.5428571429
26,20,-0.0323035981,-0.4234559921,0.5714285714
26,21,-0.0305427383,-0.4248024091,0.6000000000
26,22,-0.0289934410,-0.4263894643,0.6285714286
26,23,-0.0276114702,-0.4281276749,0.6571428571
26,24,-0.0261682849,-0.4298147095,0.6857142857
26,25,-0.0246279187,-0.4314143576,0.7142857143
26,26,-0.0230794140,-0.4330062755,0.7428571429
26,27,-0.0216181079,-0.4346767919,0.7714285714
26,28,-0.0203673373,-0.4365094448,0.8000000000
26,29,-0.0192564194,-0.4384323073,0.8285714286
26,30,-0.0180846927,-0.4403186717,0.8571428571
26,31,-0.0169679442,-0.4422373283,0.8857142857
26,32,-0.0161173967,-0.4442876179,0.9142857143
26,33,-0.0153203315,-0.4463600928,0.9428571429
26,34,-0.0144591951,-0.4484068870,0.9714285714
26,35,-0.0138612528,-0.4505398126,1.0000000000
27,0,-0.0574341628,-0.1375092735,0.0000000000
27,1,-0.0574030995,-0.1397424588,0.0294117647
27,2,-0.0570365714,-0.1417406497,0.0588235294
27,3,-0.0568985434,-0.1395329903,0.0882352941
27,4,-0.0570056034,-0.1373022317,0.1176470588
27,5,-0.0571337759,-0.1350723129,0.1470588235
27,6,-0.0572732370,-0.1328430507,0.1764705882
27,7,-0.0573861250,-0.1306122885,0.2058823529
27,8,-0.0574364270,-0.1283792731,0.2352941176
27,9,-0.0575565183,-0.1261504619,0.2647058824
27,10,-0.0580475371,-0.1239769462,0.2941176471
27,11,-0.0588191866,-0.1218818822,0.3235294118
27,12,-0.0597646937,-0.1198587935,0.3529411765
27,13,-0.0607740030,-0.1178662373,0.3823529412
27,14,-0.0616955745,-0.1158327758,0.4117647059
27,15,-0.0628746599,-0.1139697197,0.4411764706
27,16,-0.0647322096,-0.1127785811,0.4705882353
27,17,-0.0668351605,-0.1120512772,0.5000000000
27,18,-0.0690103342,-0.1115629529,0.5294117647
27,19,-0.0712199824,-0.1112365740,0.5588235294
27,20,-0.0734494897,-0.1111018697,0.5882352941
27,21,-0.0756787697,-0.1109628022,0.6176470588
27,22,-0.0779076009,-0.1108165842,0.6470588235
27,23,-0.0801097090,-0.1104607245,0.6764705882
27,24,-0.0822896640,-0.1099922431,0.7058823529
27,25,-0.0843807001,-0.1092069809,0.7352941176
27,26,-0.0864293298,-0.1083233647,0.7647058824
27,27,-0.0884357924,-0.1073419492,0.7941176471
27,28,-0.0904101525,-0.1062982158,0.8235294118
27,29,-0.0923702732,-0.1052278987,0.8529411765
27,30,-0.0942327561,-0.1039949241,0.8823529412
27,31,-0.0958809355,-0.1025073986,0.9117647059
27,32,-0.0970121939,-0.1006135089,0.9411764706
27,33,-0.0975255314,-0.0984487126,0.9705882353
27,34,-0.0976929717,-0.0962221662,1.0000000000
28,0,0.0370003148,-0.3969578939,0.0000000000
28,1,0.0351173393,-0.3981844933,0.0322580645
28,2,0.0330438324,-0.3990642904,0.0645161290
28,3,0.0309753603,-0.3999574205,0.0967741935
28,4,0.0288787054,-0.4007811007,0.1290322581
28,5,0.0267757523,-0.4015887185,0.1612903226
28,6,0.0247045876,-0.4024754172,0.1935483871
28,7,0.0225894378,-0.4032500448,0.2258064516
28,8,0.0204554764,-0.4039731578,0.2580645161
28,9,0.0183355948,-0.4047351519,0.2903225806
28,10,0.0162642878,-0.4056215117,0.3225806452
28,11,0.0141617326,-0.4064297557,0.3548387097
28,12,0.0120274222,-0.4071518361,0.3870967742
28,13,0.0098886613,-0.4078606225,0.4193548387
28,14,0.0077520247,-0.4085757593,0.4516129032
28,15,0.0056144828,-0.4092881905,0.4838709677
28,16,0.0034747945,-0.4099941192,0.5161290323
28,17,0.0013172705,-0.4106414047,0.5483870968
28,18,-0.0008741821,-0.4111636701,0.5806451613
28,19,-0.0030334805,-0.4118048410,0.6129032258
28,20,-0.0051735640,-0.4125095763,0.6451612903
28,21,-0.0073108935,-0.4132226429,0.6774193548
28,22,-0.0094469012,-0.4139396473,0.7096774194
28,23,-0.0115710526,-0.4146905525,0.7419354839
28,24,-0.0135896413,-0.4156873167,0.7741935484
28,25,-0.0155045686,-0.4168739215,0.8064516129
28,26,-0.0174400282,-0.4180267208,0.8387096774
28,27,-0.0193936043,-0.4191490767,0.8709677419
28,28,-0.0213003080,-0.4203495396,0.9032258065
28,29,-0.0232943796,-0.4213905353,0.9354838710
28,30,-0.0254597744,-0.4219762892,0.9677419355
28,31,-0.0277074558,-0.4220996760,1.0000000000
29,0,0.2383431000,-0.0781749986,0.0000000000
29,1,0.2365816047,-0.0795440190,0.0333333333
29,2,0.2347792758,-0.0808598386,0.0666666667
29,3,0.2330108483,-0.0822209589,0.1000000000
29,4,0.2312139279,-0.0835442859,0.1333333333
29,5,0.2294842288,-0.0849529906,0.1666666667
29,6,0.2278352746,-0.0864565605,0.2000000000
29,7,0.2261207676,-0.0878826401,0.2333333333
29,8,0.2242188468,-0.0890387924,0.2666666667
29,9,0.2220970946,-0.0897013097,0.3000000000
29,10,0.2198737432,-0.0896831288,0.3333333333
29,11,0.2177026767,-0.0891703499,0.3666666667
29,12,0.2155031619,-0.0888077341,0.4000000000
29,13,0.2132818954,-0.0885981641,0.4333333333
29,14,0.2111137084,-0.0880738571,0.4666666667
29,15,0.2089424729,-0.0875590898,0.5000000000
29,16,0.2067917566,-0.0869666157,0.5333333333
29,17,0.2046692088,-0.0862773651,0.5666666667
29,18,0.2025544280,-0.0855645642,0.6000000000
29,19,0.2004614241,-0.0847922446,0.6333333333
29,20,0.1984330133,-0.0838630280,0.6666666667
29,21,0.1964381229,-0.0828626863,0.7000000000
29,22,0.1944851846,-0.0817835520,0.7333333333
29,23,0.1926067864,-0.0805792745,0.7666666667
29,24,0.1907730828,-0.0793078531,0.8000000000
29,25,0.1890528112,-0.0778880218,0.8333333333
29,26,0.1874338572,-0.0763525354,0.8666666667
29,27,0.1858663812,-0.0747641213,0.9000000000
29,28,0.1843651963,-0.0731134402,0.9333333333
29,29,0.1830945715,-0.0712818487,0.9666666667
29,30,0.1821233516,-0.0692764408,1.0000000000
30,0,-0.1004145727,0.2998391836,0.0000000000
30,1,-0.0984747813,0.3009294386,0.0333333333
30,2,-0.0964716828,0.3018993894,0.0666666667
30,3,-0.0943975112,0.3027052346,0.1000000000
30,4,-0.0922791315,0.3033884959,0.1333333333
30,5,-0.0901182157,0.3039199625,0.1666666667
30,6,-0.0879614031,0.3044693522,0.2000000000
30,7,-0.0857772513,0.3048796503,0.2333333333
30,8,-0.0835553392,0.3050018307,0.2666666667
30,9,-0.0813520440,0.3052896350,0.3000000000
30,10,-0.0791884090,0.3058097377,0.3333333333
30,11,-0.0769807307,0.3060599090,0.3666666667
30,12,-0.0747551434,0.3060825286,0.4000000000
30,13,-0.0725332535,0.3059774628,0.4333333333
30,14,-0.0703533626,0.3055436805,0.4666666667
30,15,-0.0681804365,0.3050689308,0.5000000000
30,16,-0.0659830679,0.3047189903,0.5333333333
30,17,-0.0638257229,0.3041728427,0.5666666667
30,18,-0.0616589332,0.3036640754,0.6000000000
30,19,-0.0595211414,0.3030462769,0.6333333333
30,20,-0.0574030701,0.3023616699,0.6666666667
30,21,-0.0552621330,0.3017547651,0.7000000000
30,22,-0.0530953843,0.3012458007,0.7333333333
30,23,-0.0509492452,0.3006554387,0.7666666667
30,24,-0.0488064258,0.3000545210,0.8000000000
30,25,-0.0466971262,0.2993438955,0.8333333333
30,26,-0.0445763796,0.2986695238,0.8666666667
30,27,-0.0423832426,0.2983178990,0.9000000000
30,28,-0.0401587326,0.2982602902,0.9333333333
30,29,-0.0379327680,0.2982588167,0.9666666667
30,30,-0.0357068021,0.2982588167,1.0000000000
31,0,-0.0057978311,0.3390019848,0.0000000000
31,1,-0.0048886284,0.3369408205,0.0344827586
31,2,-0.0038474305,0.3349424699,0.0689655172
31,3,-0.0026700144,0.3330212763,0.1034482759
31,4,-0.0014050428,0.3311560696,0.1379310345
31,5,-0.0000297618,0.3293721892,0.1724137931
31,6,0.0014985902,0.3277163431,0.2068965517
31,7,0.0030811444,0.3261116563,0.2413793103
31,8,0.0046742911,0.3245174217,0.2758620690
31,9,0.0062679581,0.3229237072,0.3103448276
31,10,0.0078616489,0.3213300165,0.3448275862
31,11,0.0094553397,0.3197363257,0.3793103448
31,12,0.0110490304,0.3181426350,0.4137931034
31,13,0.0126427212,0.3165489442,0.4482758621
31,14,0.0142364083,0.3149552498,0.4827586207
31,15,0.0158297661,0.3133612262,0.5172413793
31,16,0.0174192219,0.3117633157,0.5517241379
31,17,0.0189674047,0.3101258969,0.5862068966
31,18,0.0203984753,0.3083861924,0.6206896552
31,19,0.0216819620,0.3065337452,0.6551724138
31,20,0.0229366019,0.3046614414,0.6896551724
31,21,0.0241804679,0.3027819477,0.7241379310
31,22,0.0253640184,0.3008645000,0.7586206897
31,23,0.0264242968,0.2988761193,0.7931034483
31,24,0.0274363827,0.2968623271,0.8275862069
31,25,0.0284443847,0.2948464818,0.8620689655
31,26,0.0294522535,0.2928305698,0.8965517241
31,27,0.0304550927,0.2908121585,0.9310344828
31,28,0.0313860434,0.2887605730,0.9655172414
31,29,0.0320001594,0.2865984955,1.0000000000
32,0,0.1573313749,0.0593592275,0.0000000000
32,1,0.1573307695,0.0571364310,0.0357142857
32,2,0.1573115889,0.0549137803,0.0714285714
32,3,0.1572619453,0.0526918254,0.1071428571
32,4,0.1574254762,0.0504783428,0.1428571429
32,5,0.1579155994,0.0483122767,0.1785714286
32,6,0.1585954456,0.0461965419,0.2142857143
32,7,0.1594153658,0.0441312955,0.2500000000
32,8,0.1602850562,0.0420858919,0.2857142857
32,9,0.1610499466,0.0399988443,0.3214285714
32,10,0.1619376660,0.0379617660,0.3571428571
32,11,0.1628942720,0.0359554303,0.3928571429
32,12,0.1637018574,0.0338876782,0.4285714286
32,13,0.1642439772,0.0317327236,0.4642857143
32,14,0.1648651214,0.0295991752,0.5000000000
32,15,0.1655481301,0.0274839220,0.5357142857
32,16,0.1661518009,0.0253453626,0.5714285714
32,17,0.1666591875,0.0231814865,0.6071428571
32,18,0.1672309770,0.0210337347,0.6428571429
32,19,0.1677362391,0.0188693612,0.6785714286
32,20,0.1682736379,0.0167132627,0.7142857143
32,21,0.1685260836,0.0145073061,0.7500000000
32,22,0.1687455503,0.0122961022,0.7857142857
32,23,0.1690980079,0.0101015736,0.8214285714
32,24,0.1694426455,0.0079058052,0.8571428571
32,25,0.1695758977,0.0056891880,0.8928571429
32,26,0.1693367335,0.0034852065,0.9285714286
32,27,0.1688111429,0.0013261169,0.9642857143
32,28,0.1685268333,-0.0008742590,1.0000000000
33,0,-0.0400087700,0.3246299104,0.0000000000
33,1,-0.0412588011,0.3264533758,0.0357142857
33,2,-0.0426704196,0.3281538619,0.0714285714
33,3,-0.0441955813,0.3297545474,0.1071428571
33,4,-0.0457556394,0.3313216849,0.1428571429
33,5,-0.0473232708,0.3328812472,0.1785714286
33,6,-0.0489308861,0.3343990357,0.2142857143
33,7,-0.0506375213,0.3358033582,0.2500000000
33,8,-0.0524558679,0.3370611983,0.2857142857
33,9,-0.0543172152,0.3382542563,0.3214285714
33,10,-0.0562520199,0.3393240045,0.3571428571
33,11,-0.0582257833,0.3403209456,0.3928571429
33,12,-0.0602034431,0.3413101772,0.4285714286
33,13,-0.0621812657,0.3422990834,0.4642857143
33,14,-0.0641590434,0.3432880794,0.5000000000
33,15,-0.0661341176,0.3442824509,0.5357142857
33,16,-0.0680779384,0.3453356560,0.5714285714
33,17,-0.0699511736,0.3465096818,0.6071428571
33,18,-0.0717765856,0.3477575499,0.6428571429
33,19,-0.0735054828,0.3491339508,0.6785714286
33,20,-0.0751227760,0.3506413071,0.7142857143
33,21,-0.0766853122,0.3522058308,0.7500000000
33,22,-0.0781874694,0.3538278436,0.7857142857
33,23,-0.0795189629,0.3555896885,0.8214285714
33,24,-0.0806160854,0.3575084609,0.8571428571
33,25,-0.0816075662,0.3594849434,0.8928571429
33,26,-0.0825036973,0.3615050802,0.9285714286
33,27,-0.0830425260,0.3636415027,0.9642857143
33,28,-0.0831601464,0.3658476895,1.0000000000
34,0,-0.1451949568,-0.0807630961,0.0000000000
34,1,-0.1473509120,-0.0802875114,0.0370370370
34,2,-0.1495061906,-0.0798085203,0.0740740741
34,3,-0.1516058104,-0.0791320814,0.1111111111
34,4,-0.1536369833,-0.0782665037,0.1481481481
34,5,-0.1556966912,-0.0774756565,0.1851851852
34,6,-0.1578150966,-0.0768602630,0.2222222222
34,7,-0.1599753463,-0.0764069748,0.2592592593
34,8,-0.1621547909,-0.0760631539,0.2962962963
34,9,-0.1643504749,-0.0761471487,0.3333333333
34,10,-0.1663885633,-0.0769614249,0.3703703704
34,11,-0.1681218446,-0.0783151297,0.4074074074
34,12,-0.1697062276,-0.0798506140,0.4444444444
34,13,-0.1715183627,-0.0811019538,0.4814814815
34,14,-0.1735988420,-0.0818203029,0.5185185185
34,15,-0.1757948002,-0.0818760479,0.5555555556
34,16,-0.1778764235,-0.0811884187,0.5925925926
34,17,-0.1796771664,-0.0799244206,0.6296296296
34,18,-0.1813118518,-0.0784405267,0.6666666667
34,19,-0.1830788528,-0.0771332304,0.7037037037
34,20,-0.1851673758,-0.0765274561,0.7407407407
34,21,-0.1873602510,-0.0767376789,0.7777777778
34,22,-0.1895096327,-0.0772342004,0.8148148148
34,23,-0.1916245794,-0.0778651798,0.8518518519
34,24,-0.1937186958,-0.0785643465,0.8888888889
34,25,-0.1958010389,-0.0792983712,0.9259259259
34,26,-0.1978850989,-0.0800274945,0.9629629630
34,27,-0.1999668953,-0.0807629963,1.0000000000
35,0,-0.2124439919,-0.0278893127,0.0000000000
35,1,-0.2111754085,-0.0297366528,0.0400000000
35,2,-0.2097421472,-0.0314584426,0.0800000000
35,3,-0.2081932943,-0.0330783407,0.1200000000
35,4,-0.2066120190,-0.0346670207,0.1600000000
35,5,-0.2050272921,-0.0362522620,0.2000000000
35,6,-0.2034419908,-0.0378369289,0.2400000000
35,7,-0.2018528826,-0.0394177740,0.2800000000
35,8,-0.2002247793,-0.0409578170,0.3200000000
35,9,-0.1984771873,-0.0423584065,0.3600000000
35,10,-0.1965133545,-0.0434306957,0.4000000000
35,11,-0.1944145585,-0.0442135137,0.4400000000
35,12,-0.1922715475,-0.0448688569,0.4800000000
35,13,-0.1901114470,-0.0454642967,0.5200000000
35,14,-0.1880199435,-0.0462672838,0.5600000000
35,15,-0.1859538354,-0.0471364384,0.6000000000
35,16,-0.1838508987,-0.0479079924,0.6400000000
35,17,-0.1816786507,-0.0484498728,0.6800000000
35,18,-0.1794795290,-0.0488798589,0.7200000000
35,19,-0.1773011760,-0.0494050757,0.7600000000
35,20,-0.1750694433,-0.0495569314,0.8000000000
35,21,-0.1728555037,-0.0492421467,0.8400000000
35,22,-0.1707105393,-0.0485941483,0.8800000000
35,23,-0.1685831050,-0.0478882686,0.9200000000
35,24,-0.1664580100,-0.0471753247,0.9600000000
35,25,-0.1643424704,-0.0464346263,1.0000000000
36,0,0.2490541993,-0.0478542422,0.0000000000
36,1,0.2490541993,-0.0456493074,0.0400000000
36,2,0.2490541476,-0.0434443726,0.0800000000
36,3,0.2490487911,-0.0412394541,0.1200000000
36,4,0.2489482348,-0.0390383126,0.1600000000
36,5,0.2485236307,-0.0368782824,0.2000000000
36,6,0.2479842961,-0.0347406450,0.2400000000
36,7,0.2474518629,-0.0326017121,0.2800000000
36,8,0.2467828078,-0.0305007904,0.3200000000
36,9,0.2460830773,-0.0284098488,0.3600000000
36,10,0.2453589841,-0.0263273188,0.4000000000
36,11,0.2444815793,-0.0243055791,0.4400000000
36,12,0.2434565623,-0.0223542455,0.4800000000
36,13,0.2422977664,-0.0204789623,0.5200000000
36,14,0.2410809108,-0.0186402130,0.5600000000
36,15,0.2398567938,-0.0168062959,0.6000000000
36,16,0.2386360322,-0.0149701450,0.6400000000
36,17,0.2374056877,-0.0131404011,0.6800000000
36,18,0.2361366931,-0.0113378185,0.7200000000
36,19,0.2347262599,-0.0096445125,0.7600000000
36,20,0.2332050183,-0.0080488330,0.8000000000
36,21,0.2316497566,-0.0064858597,0.8400000000
36,22,0.2300903632,-0.0049270048,0.8800000000
36,23,0.2285197511,-0.0033795191,0.9200000000
36,24,0.2268971084,-0.0018873275,0.9600000000
36,25,0.2250895967,-0.0006330725,1.0000000000
37,0,0.1562128039,0.1065085598,0.0000000000
37,1,0.1562120699,0.1087520561,0.0416666667
37,2,0.1561794581,0.1109950949,0.0833333333
37,3,0.1559032010,0.1132170988,0.1250000000
37,4,0.1553511509,0.1153910451,0.1666666667
37,5,0.1548405544,0.1175754221,0.2083333333
37,6,0.1542637140,0.1197432482,0.2500000000
37,7,0.1537489645,0.1219266126,0.2916666667
37,8,0.1531160936,0.1240782699,0.3333333333
37,9,0.1524153225,0.1262094952,0.3750000000
37,10,0.1516947657,0.1283341111,0.4166666667
37,11,0.1508860581,0.1304261426,0.4583333333
37,12,0.1500025755,0.1324881902,0.5000000000
37,13,0.1492215714,0.1345911667,0.5416666667
37,14,0.1483439076,0.1366548240,0.5833333333
37,15,0.1473593311,0.1386706365,0.6250000000
37,16,0.1463566494,0.1406776009,0.6666666667
37,17,0.1453533265,0.1426842449,0.7083333333
37,18,0.1443493314,0.1446905526,0.7500000000
37,19,0.1433268867,0.1466874271,0.7916666667
37,20,0.1422125896,0.1486338551,0.8333333333
37,21,0.1410127436,0.1505295467,0.8750000000
37,22,0.1399182418,0.1524872260,0.9166666667
37,23,0.1389777134,0.1545226062,0.9583333333
37,24,0.1383669277,0.1566749071,1.0000000000
38,0,-0.1274296265,-0.0389570340,0.0000000000
38,1,-0.1291966540,-0.0376596365,0.0416666667
38,2,-0.1311643247,-0.0366954468,0.0833333333
38,3,-0.1332804739,-0.0361211811,0.1250000000
38,4,-0.1353961672,-0.0355409036,0.1666666667
38,5,-0.1374761290,-0.0348415666,0.2083333333
38,6,-0.1395021710,-0.0340009246,0.2500000000
38,7,-0.1414762419,-0.0330422563,0.2916666667
38,8,-0.1434395791,-0.0320615862,0.3333333333
38,9,-0.1454025239,-0.0310801303,0.3750000000
38,10,-0.1473654802,-0.0300986974,0.4166666667
38,11,-0.1493294308,-0.0291192624,0.4583333333
38,12,-0.1513101195,-0.0281744915,0.5000000000
38,13,-0.1533899499,-0.0274878698,0.5416666667
38,14,-0.1555689995,-0.0272672313,0.5833333333
38,15,-0.1577629605,-0.0272835494,0.6250000000
38,16,-0.1599335512,-0.0275753710,0.6666666667
38,17,-0.1620389908,-0.0281902650,0.7083333333
38,18,-0.1641229804,-0.0288782220,0.7500000000
38,19,-0.1661991260,-0.0295893217,0.7916666667
38,20,-0.1682189869,-0.0304423896,0.8333333333
38,21,-0.1700383051,-0.0316620177,0.8750000000
38,22,-0.1715170232,-0.0332653255,0.9166666667
38,23,-0.1721337533,-0.0353046045,0.9583333333
38,24,-0.1709914387,-0.0370790674,1.0000000000
39,0,0.1108260027,0.2584509054,0.0000000000
39,1,0.1088236745,0.2595071201,0.0476190476
39,2,0.1067133259,0.2603307249,0.0952380952
39,3,0.1046118502,0.2611765530,0.1428571429
39,4,0.1025678407,0.2621548587,0.1904761905
39,5,0.1005001337,0.2630808973,0.2380952381
39,6,0.0983649747,0.2638384195,0.2857142857
39,7,0.0961923833,0.2644799839,0.3333333333
39,8,0.0939868727,0.2649994174,0.3809523810
39,9,0.0917909039,0.2655567154,0.4285714286
39,10,0.0895545530,0.2659165504,0.4761904762
39,11,0.0873424410,0.2663997583,0.5238095238
39,12,0.0851220672,0.2668351246,0.5714285714
39,13,0.0828606420,0.2669668890,0.6190476190
39,14,0.0806152819,0.2672440135,0.6666666667
39,15,0.0783915051,0.2676631633,0.7142857143
39,16,0.0761508901,0.2674481358,0.7619047619
39,17,0.0739288763,0.2670094861,0.8095238095
39,18,0.0716947531,0.2666376148,0.8571428571
39,19,0.0694998577,0.2660757657,0.9047619048
39,20,0.0672955015,0.2655516714,0.9523809524
39,21,0.0651339396,0.2648741019,1.0000000000
40,0,0.0651339396,0.2490417913,0.0000000000
40,1,0.0673924764,0.2490742325,0.0500000000
40,2,0.0696259102,0.2493728834,0.1000000000
40,3,0.0694110579,0.2500301235,0.1500000000
40,4,0.0671544681,0.2501212119,0.2000000000
40,5,0.0648956334,0.2501490028,0.2500000000
40,6,0.0626366449,0.2501563337,0.3000000000
40,7,0.0603776436,0.2501603838,0.3500000000
40,8,0.0581186590,0.2501686060,0.4000000000
40,9,0.0558650476,0.2502976540,0.4500000000
40,10,0.0536595430,0.2507738759,0.5000000000
40,11,0.0514432881,0.2511946498,0.5500000000
40,12,0.0491956517,0.2514141765,0.6000000000
40,13,0.0470229434,0.2520042084,0.6500000000
40,14,0.0449649145,0.2529331161,0.7000000000
40,15,0.0429181460,0.2538882441,0.7500000000
40,16,0.0408119972,0.2547035425,0.8000000000
40,17,0.0387135363,0.2555381076,0.8500000000
40,18,0.0366784067,0.2565183655,0.9000000000
40,19,0.0346632521,0.2575391969,0.9500000000
40,20,0.0326953797,0.2586470349,1.0000000000
41,0,-0.2263379890,-0.1363893053,0.0000000000
41,1,-0.2259806335,-0.1382671449,0.0500000000
41,2,-0.2248710980,-0.1363816229,0.1000000000
41,3,-0.2239953563,-0.1343566910,0.1500000000
41,4,-0.2232098972,-0.1322936838,0.2000000000
41,5,-0.2224888806,-0.1302084471,0.2500000000
41,6,-0.2218353666,-0.1280999253,0.3000000000
41,7,-0.2213740677,-0.1259445874,0.3500000000
41,8,-0.2211865212,-0.1237555902,0.4000000000
41,9,-0.2213683959,-0.1215596161,0.4500000000
41,10,-0.2216626392,-0.1193718495,0.5000000000
41,11,-0.2216176874,-0.1171724634,0.5500000000
41,12,-0.2211022475,-0.1150315212,0.6000000000
41,13,-0.2203501379,-0.1129566699,0.6500000000
41,14,-0.2195585189,-0.1108960310,0.7000000000
41,15,-0.2187148962,-0.1088564784,0.7500000000
41,16,-0.2178113185,-0.1068425022,0.8000000000
41,17,-0.2169947506,-0.1047930025,0.8500000000
41,18,-0.2164341883,-0.1026622586,0.9000000000
41,19,-0.2161602040,-0.1004729680,0.9500000000
41,20,-0.2155633133,-0.0983592875,1.0000000000
42,0,-0.0936903314,0.3960491072,0.0000000000
42,1,-0.0947845470,0.3941076715,0.0526315789
42,2,-0.0957925032,0.3921193318,0.1052631579
42,3,-0.0967539972,0.3901082565,0.1578947368
42,4,-0.0974574144,0.3879977821,0.2105263158
42,5,-0.0976903350,0.3857849212,0.2631578947
42,6,-0.0978427571,0.3835620106,0.3157894737
42,7,-0.0983102919,0.3813845697,0.3684210526
42,8,-0.0985990641,0.3791842278,0.4210526316
42,9,-0.0982246884,0.3769947734,0.4736842105
42,10,-0.0978000537,0.3748092125,0.5263157895
42,11,-0.0975901839,0.3725904142,0.5789473684
42,12,-0.0971160134,0.3704164921,0.6315789474
42,13,-0.0964199723,0.3682990254,0.6842105263
42,14,-0.0955826223,0.3662341835,0.7368421053
42,15,-0.0946108907,0.3642279694,0.7894736842
42,16,-0.0935821057,0.3622504623,0.8421052632
42,17,-0.0923775175,0.3603778579,0.8947368421
42,18,-0.0909492438,0.3586683830,0.9473684211
42,19,-0.0893969616,0.3570684703,1.0000000000
43,0,-0.0889677289,0.1589297475,0.0000000000
43,1,-0.0889876637,0.1589730876,0.0526315789
43,2,-0.0878608690,0.1608879540,0.1052631579
43,3,-0.0866774449,0.1627680919,0.1578947368
43,4,-0.0854815972,0.1646406111,0.2105263158
43,5,-0.0841526987,0.1664198661,0.2631578947
43,6,-0.0827844613,0.1681669826,0.3157894737
43,7,-0.0810370171,0.1695391409,0.3684210526
43,8,-0.0789623054,0.1702443818,0.4210526316
43,9,-0.0767531094,0.1704172889,0.4736842105
43,10,-0.0745352238,0.1705487291,0.5263157895
43,11,-0.0723285179,0.1708063607,0.5789473684
43,12,-0.0701292869,0.1711222127,0.6315789474
43,13,-0.0679338336,0.1714631983,0.6842105263
43,14,-0.0657421881,0.1718275598,0.7368421053
43,15,-0.0635538906,0.1722118505,0.7894736842
43,16,-0.0613655190,0.1725950767,0.8421052632
43,17,-0.0591631748,0.1728807792,0.8947368421
43,18,-0.0569442877,0.1729731387,0.9473684211
43,19,-0.0547225096,0.1729788615,1.0000000000
44,0,-0.2111531046,0.1573187673,0.0000000000
44,1,-0.2088741565,0.1572848119,0.0555555556
44,2,-0.2066220422,0.1569723666,0.1111111111
44,3,-0.2044506056,0.1562851711,0.1666666667
44,4,-0.2023145785,0.1554894426,0.2222222222
44,5,-0.2001860755,0.1546737222,0.2777777778
44,6,-0.1980817488,0.1537975969,0.3333333333
44,7,-0.1959900936,0.1528933107,0.3888888889
44,8,-0.1939439666,0.1518886771,0.4444444444
44,9,-0.1918978397,0.1508840434,0.5000000000
44,10,-0.1899252246,0.1497434210,0.5555555556
44,11,-0.1879639748,0.1485817739,0.6111111111
44,12,-0.1860086180,0.1474108830,0.6666666667
44,13,-0.1841277198,0.1461231926,0.7222222222
44,14,-0.1822468217,0.1448355022,0.7777777778
44,15,-0.1803834680,0.1435233532,0.8333333333
44,16,-0.1785608273,0.1421544466,0.8888888889
44,17,-0.1767465771,0.1407747314,0.9444444444
44,18,-0.1749684732,0.1393484526,1.0000000000
45,0,-0.0914227096,-0.2650508884,0.0000000000
45,1,-0.0893550514,-0.2641859653,0.0555555556
45,2,-0.0872599346,-0.2633911944,0.1111111111
45,3,-0.0851545245,-0.2626227216,0.1666666667
45,4,-0.0830491143,-0.2618542488,0.2222222222
45,5,-0.0809168263,-0.2611641824,0.2777777778
45,6,-0.0787827441,-0.2604793498,0.3333333333
45,7,-0.0766486619,-0.2597945171,0.3888888889
45,8,-0.0745136442,-0.2591128945,0.4444444444
45,9,-0.0723458012,-0.2585438961,0.5000000000
45,10,-0.0701779582,-0.2579748976,0.5555555556
45,11,-0.0680101152,-0.2574058992,0.6111111111
45,12,-0.0658326439,-0.2568802572,0.6666666667
45,13,-0.0636277311,-0.2564781851,0.7222222222
45,14,-0.0614228183,-0.2560761130,0.7777777778
45,15,-0.0592044266,-0.2557706012,0.8333333333
45,16,-0.0569736938,-0.2555534985,0.8888888889
45,17,-0.0547352067,-0.2554528503,0.9444444444
45,18,-0.0524941169,-0.2554338426,1.0000000000
46,0,-0.0948319165,-0.2701449826,0.0000000000
46,1,-0.0944703829,-0.2701546714,0.0666666667
46,2,-0.0966091765,-0.2692836544,0.1333333333
46,3,-0.0987357245,-0.2683831307,0.2000000000
46,4,-0.1008013133,-0.2673522946,0.2666666667
46,5,-0.1026602559,-0.2659876964,0.3333333333
46,6,-0.1043352564,-0.2643996832,0.4000000000
46,7,-0.1058184991,-0.2626323169,0.4666666667
46,8,-0.1070062369,-0.2606583064,0.5333333333
46,9,-0.1078510536,-0.2585110481,0.6000000000
46,10,-0.1085235777,-0.2563028157,0.6666666667
46,11,-0.1088692320,-0.2540230310,0.7333333333
46,12,-0.1091338259,-0.2517312553,0.8000000000
46,13,-0.1096722245,-0.2494862232,0.8666666667
46,14,-0.1099726882,-0.2472009837,0.9333333333
46,15,-0.1100070012,-0.2448920923,1.0000000000
47,0,-0.1943767871,0.1454902946,0.0000000000
47,1,-0.1928304515,0.1438964926,0.0666666667
47,2,-0.1935035982,0.1442338623,0.1333333333
47,3,-0.1951711043,0.1457007044,0.2000000000
47,4,-0.1968373596,0.1471689677,0.2666666667
47,5,-0.1985385749,0.1485955377,0.3333333333
47,6,-0.2002748446,0.1499803015,0.4000000000
47,7,-0.2021338979,0.1511910170,0.4666666667
47,8,-0.2041254581,0.1521562277,0.5333333333
47,9,-0.2062587732,0.1527583736,0.6000000000
47,10,-0.2084256002,0.1532437765,0.6666666667
47,11,-0.2105852011,0.1537568765,0.7333333333
47,12,-0.2127974485,0.1537656520,0.8000000000
47,13,-0.2149596862,0.1532834330,0.8666666667
47,14,-0.2169965939,0.1524062672,0.9333333333
47,15,-0.2188830810,0.1512403031,1.0000000000
48,0,-0.0679784081,-0.2610262985,0.0000000000
48,1,-0.0670492480,-0.2606549975,0.0666666667
48,2,-0.0691836422,-0.2600984825,0.1333333333
48,3,-0.0713350097,-0.2596089049,0.2000000000
48,4,-0.0734861818,-0.2591184811,0.2666666667
48,5,-0.0756345437,-0.2586158785,0.3333333333
48,6,-0.0777829056,-0.2581132760,0.4000000000
48,7,-0.0799312675,-0.2576106735,0.4666666667
48,8,-0.0820604333,-0.2570328306,0.5333333333
48,9,-0.0841869931,-0.2564447729,0.6000000000
48,10,-0.0863095253,-0.2558446169,0.6666666667
48,11,-0.0883642455,-0.2550407555,0.7333333333
48,12,-0.0903612981,-0.2541256175,0.8000000000
48,13,-0.0921150321,-0.2528065818,0.8666666667
48,14,-0.0935137081,-0.2511045191,0.9333333333
48,15,-0.0948717280,-0.2493663764,1.0000000000
49,0,-0.0663828309,-0.1162564240,0.0000000000
49,1,-0.0663828809,-0.1184454497,0.0666666667
49,2,-0.0663891194,-0.1206344523,0.1333333333
49,3,-0.0666384266,-0.1202904913,0.2000000000
49,4,-0.0669132339,-0.1181187836,0.2666666667
49,5,-0.0672457445,-0.1159553026,0.3333333333
49,6,-0.0675887858,-0.1137933230,0.4000000000
49,7,-0.0680681274,-0.1116590021,0.4666666667
49,8,-0.0685949565,-0.1095343175,0.5333333333
49,9,-0.0692802061,-0.1074608730,0.6000000000
49,10,-0.0700974272,-0.1054301138,0.6666666667
49,11,-0.0710925595,-0.1034846179,0.7333333333
49,12,-0.0721851973,-0.1015883520,0.8000000000
49,13,-0.0733521433,-0.0997363134,0.8666666667
49,14,-0.0745455619,-0.0979014136,0.9333333333
49,15,-0.0758460727,-0.0961419412,1.0000000000
50,0,0.1042876753,0.1964199928,0.0000000000
50,1,0.1065125214,0.1960348989,0.0714285714
50,2,0.1087567653,0.1958004201,0.1428571429
50,3,0.1110129585,0.1957084992,0.2142857143
50,4,0.1132680555,0.1955900298,0.2857142857
50,5,0.1155166052,0.1953802515,0.3571428571
50,6,0.1177451086,0.1950298701,0.4285714286
50,7,0.1199112546,0.1943952559,0.5000000000
50,8,0.1220637341,0.1937121648,0.5714285714
50,9,0.1242658073,0.1932324527,0.6428571429
50,10,0.1265195986,0.1931190271,0.7142857143
50,11,0.1287779212,0.1931125485,0.7857142857
50,12,0.1310358726,0.1930835619,0.8571428571
50,13,0.1332733339,0.1928156193,0.9285714286
50,14,0.1354345653,0.1921668852,1.0000000000
51,0,0.2329195939,0.0159073735,0.0000000000
51,1,0.2347661315,0.0146566304,0.0714285714
51,2,0.2365464486,0.0133130927,0.1428571429
51,3,0.2383932816,0.0120668075,0.2142857143
51,4,0.2404357508,0.0111979896,0.2857142857
51,5,0.2426355831,0.0111471590,0.3571428571
51,6,0.2446738590,0.0120263649,0.4285714286
51,7,0.2465366995,0.0132523200,0.5000000000
51,8,0.2482773352,0.0146434871,0.5714285714
51,9,0.2498244598,0.0162466750,0.6428571429
51,10,0.2510259562,0.0181188105,0.7142857143
51,11,0.2520353714,0.0201070871,0.7857142857
51,12,0.2531939222,0.0220123528,0.8571428571
51,13,0.2544125932,0.0238805043,0.9285714286
51,14,0.2555419491,0.0258020967,1.0000000000
52,0,0.0248653825,0.1035675994,0.0000000000
52,1,0.0269290171,0.1028136704,0.0714285714
52,2,0.0288399175,0.1017091525,0.1428571429
52,3,0.0307733328,0.1006441586,0.2142857143
52,4,0.0327425549,0.0996462840,0.2857142857
52,5,0.0347087243,0.0986424909,0.3571428571
52,6,0.0366299766,0.0975562198,0.4285714286
52,7,0.0384810024,0.0963532537,0.5000000000
52,8,0.0403227452,0.0951359982,0.5714285714
52,9,0.0421761810,0.0939368424,0.6428571429
52,10,0.0440872455,0.0928317620,0.7142857143
52,11,0.0459508004,0.0916507556,0.7857142857
52,12,0.0477194790,0.0903300607,0.8571428571
52,13,0.0495552250,0.0891067025,0.9285714286
52,14,0.0515417381,0.0881508774,1.0000000000
53,0,-0.0661958132,0.1673298514,0.0000000000
53,1,-0.0641178149,0.1680607823,0.0714285714
53,2,-0.0620193766,0.1687294107,0.1428571429
53,3,-0.0598745471,0.1692224766,0.2142857143
53,4,-0.0576844105,0.1694029744,0.2857142857
53,5,-0.0554926373,0.1692024670,0.3571428571
53,6,-0.0532962732,0.1690871908,0.4285714286
53,7,-0.0511166452,0.1693945295,0.5000000000
53,8,-0.0489250624,0.1695949200,0.5714285714
53,9,-0.0467222828,0.1696219787,0.6428571429
53,10,-0.0445191869,0.1696230733,0.7142857143
53,11,-0.0423160907,0.1696231484,0.7857142857
53,12,-0.0401129945,0.1696231484,0.8571428571
53,13,-0.0379098983,0.1696231484,0.9285714286
53,14,-0.0357068021,0.1696231484,1.0000000000
54,0,-0.1843586602,0.0651214317,0.0000000000
54,1,-0.1830073457,0.0669552627,0.0769230769
54,2,-0.1818896975,0.0689419966,0.1538461538
54,3,-0.1808618132,0.0709774076,0.2307692308
54,4,-0.1798200648,0.0730056742,0.3076923077
54,5,-0.1786932105,0.0749876139,0.3846153846
54,6,-0.1776224770,0.0769974656,0.4615384615
54,7,-0.1769066944,0.0791608507,0.5384615385
54,8,-0.1759979804,0.0812485925,0.6153846154
54,9,-0.1750085849,0.0833017496,0.6923076923
54,10,-0.1741469848,0.0854127226,0.7692307692
54,11,-0.1732469953,0.0875076704,0.8461538462
54,12,-0.1724592758,0.0896469739,0.9230769231
54,13,-0.1717020738,0.0917977874,1.0000000000
55,0,-0.0910791268,-0.0998306291,0.0000000000
55,1,-0.0914420033,-0.0976495277,0.0769230769
55,2,-0.0921349228,-0.0955498099,0.1538461538
55,3,-0.0930013673,-0.0935283861,0.2307692308
55,4,-0.0941171379,-0.0916194576,0.3076923077
55,5,-0.0953851732,-0.0898184909,0.3846153846
55,6,-0.0968173486,-0.0881339062,0.4615384615
55,7,-0.0983044970,-0.0864988417,0.5384615385
55,8,-0.0998166252,-0.0848866530,0.6153846154
55,9,-0.1011517542,-0.0831301893,0.6923076923
55,10,-0.1019969957,-0.0810965823,0.7692307692
55,11,-0.1025544825,-0.0789577007,0.8461538462
55,12,-0.1033644451,-0.0769024895,0.9230769231
55,13,-0.1042321815,-0.0748692959,1.0000000000
56,0,-0.1113578466,-0.2738055900,0.0000000000
56,1,-0.1125572086,-0.2719832671,0.0769230769
56,2,-0.1138787975,-0.2702439038,0.1538461538
56,3,-0.1151661297,-0.2684790834,0.2307692308
56,4,-0.1164906541,-0.2667419562,0.3076923077
56,5,-0.1177074495,-0.2649302829,0.3846153846
56,6,-0.1186455144,-0.2629614158,0.4615384615
56,7,-0.1193676030,-0.2608998505,0.5384615385
56,8,-0.1200603736,-0.2588280807,0.6153846154
56,9,-0.1207222494,-0.2567462688,0.6923076923
56,10,-0.1212466140,-0.2546262776,0.7692307692
56,11,-0.1217759978,-0.2525070691,0.8461538462
56,12,-0.1220890134,-0.2503551559,0.9230769231
56,13,-0.1216020969,-0.2482478054,1.0000000000
57,0,0.1544502728,0.1718602905,0.0000000000
57,1,0.1522706851,0.1718602905,0.0769230769
57,2,0.1500910973,0.1718603376,0.1538461538
57,3,0.1479115238,0.1718651209,0.2307692308
57,4,0.1457351259,0.1719551896,0.3076923077
57,5,0.1435957246,0.1723540470,0.3846153846
57,6,0.1414708591,0.1728312438,0.4615384615
57,7,0.1393013288,0.1730346779,0.5384615385
57,8,0.1371555613,0.1734019133,0.6153846154
57,9,0.1350470797,0.1739535278,0.6923076923
57,10,0.1329264647,0.1744557192,0.7692307692
57,11,0.1308446538,0.1751001382,0.8461538462
57,12,0.1287701582,0.1757687242,0.9230769231
57,13,0.1266553461,0.1762844644,1.0000000000
58,0,-0.1016410336,0.1611618899,0.0000000000
58,1,-0.1018524116,0.1604447525,0.0769230769
58,2,-0.1002855964,0.1619596885,0.1538461538
58,3,-0.0987363588,0.1634926115,0.2307692308
58,4,-0.0971603879,0.1649972073,0.3076923077
58,5,-0.0955404180,0.1664551810,0.3846153846
58,6,-0.0938417449,0.1678171775,0.4615384615
58,7,-0.0920841227,0.1691050071,0.5384615385
58,8,-0.0902570871,0.1702932541,0.6153846154
58,9,-0.0884544380,0.1715180810,0.6923076923
58,10,-0.0867248436,0.1728431325,0.7692307692
58,11,-0.0850355887,0.1742198678,0.8461538462
58,12,-0.0832864314,0.1755195037,0.9230769231
58,13,-0.0815682143,0.1768591960,1.0000000000
59,0,-0.1377978106,-0.2583149447,0.0000000000
59,1,-0.1370392519,-0.2604832519,0.0833333333
59,2,-0.1363078962,-0.2626609282,0.1666666667
59,3,-0.1355628964,-0.2648339043,0.2500000000
59,4,-0.1346908048,-0.2669577259,0.3333333333
59,5,-0.1336368834,-0.2689978165,0.4166666667
59,6,-0.1323350439,-0.2708870932,0.5000000000
59,7,-0.1307342391,-0.2725288223,0.5833333333
59,8,-0.1289207466,-0.2739350269,0.6666666667
59,9,-0.1269971186,-0.2751894053,0.7500000000
59,10,-0.1250287496,-0.2763735592,0.8333333333
59,11,-0.1229632032,-0.2773677592,0.9166666667
59,12,-0.1207183999,-0.2777941653,1.0000000000
60,0,-0.1155987062,-0.2538406605,0.0000000000
60,1,-0.1154744211,-0.2561012514,0.0833333333
60,2,-0.1149030119,-0.2582856255,0.1666666667
60,3,-0.1139734056,-0.2603508845,0.2500000000
60,4,-0.1129532639,-0.2623742654,0.3333333333
60,5,-0.1118495940,-0.2643529167,0.4166666667
60,6,-0.1106125009,-0.2662513331,0.5000000000
60,7,-0.1092924189,-0.2680918843,0.5833333333
60,8,-0.1077574996,-0.2697545263,0.6666666667
60,9,-0.1059062776,-0.2710528193,0.7500000000
60,10,-0.1038228037,-0.2719244116,0.8333333333
60,11,-0.1016267002,-0.2724803559,0.9166666667
60,12,-0.0994653508,-0.2731585630,1.0000000000
61,0,-0.1207822757,-0.0737507249,0.0000000000
61,1,-0.1201965877,-0.0758415822,0.0833333333
61,2,-0.1200807740,-0.0780199084,0.1666666667
61,3,-0.1200883400,-0.0802029522,0.2500000000
61,4,-0.1206598486,-0.0803939902,0.3333333333
61,5,-0.1212475828,-0.0782913944,0.4166666667
61,6,-0.1217528395,-0.0761676623,0.5000000000
61,7,-0.1222450544,-0.0740407170,0.5833333333
61,8,-0.1226940764,-0.0719041965,0.6666666667
61,9,-0.1231453552,-0.0697681536,0.7500000000
61,10,-0.1236399937,-0.0676431681,0.8333333333
61,11,-0.1244206840,-0.0656109417,0.9166666667
61,12,-0.1254447688,-0.0636835856,1.0000000000
62,0,-0.1134602955,0.1499954247,0.0000000000
62,1,-0.1152551575,0.1489477116,0.0833333333
62,2,-0.1174339740,0.1489394147,0.1666666667
62,3,-0.1195694342,0.1493684349,0.2500000000
62,4,-0.1216228627,0.1500616534,0.3333333333
62,5,-0.1234099596,0.1512287590,0.4166666667
62,6,-0.1240524772,0.1531943912,0.5000000000
62,7,-0.1233221104,0.1552433072,0.5833333333
62,8,-0.1223773764,0.1572066633,0.6666666667
62,9,-0.1215492205,0.1592183936,0.7500000000
62,10,-0.1212199464,0.1613643383,0.8333333333
62,11,-0.1210705943,0.1635370377,0.9166666667
62,12,-0.1204847758,0.1656234753,1.0000000000
63,0,-0.0836458552,-0.2482489032,0.0000000000
63,1,-0.0822549573,-0.2498950423,0.0833333333
63,2,-0.0813189497,-0.2518261221,0.1666666667
63,3,-0.0808074199,-0.2539214754,0.2500000000
63,4,-0.0806304614,-0.2560710654,0.3333333333
63,5,-0.0805313410,-0.2582227317,0.4166666667
63,6,-0.0805956633,-0.2603786609,0.5000000000
63,7,-0.0807897355,-0.2625212949,0.5833333333
63,8,-0.0811639848,-0.2646454667,0.6666666667
63,9,-0.0820554120,-0.2665991662,0.7500000000
63,10,-0.0838989513,-0.2675885068,0.8333333333
63,11,-0.0860448487,-0.2676078910,0.9166666667
63,12,-0.0881102914,-0.2670300884,1.0000000000
64,0,-0.1406831298,-0.2815727617,0.0000000000
64,1,-0.1386417123,-0.2822307450,0.0833333333
64,2,-0.1374444761,-0.2817672443,0.1666666667
64,3,-0.1389104587,-0.2801937789,0.2500000000
64,4,-0.1403985405,-0.2786410180,0.3333333333
64,5,-0.1418190413,-0.2770252727,0.4166666667
64,6,-0.1430118766,-0.2752361135,0.5000000000
64,7,-0.1439498471,-0.2733056192,0.5833333333
64,8,-0.1446579062,-0.2712771016,0.6666666667
64,9,-0.1452022865,-0.2691968651,0.7500000000
64,10,-0.1456011226,-0.2670836278,0.8333333333
64,11,-0.1457743192,-0.2649404635,0.9166666667
64,12,-0.1458012741,-0.2627894284,1.0000000000
65,0,-0.0341264352,0.2886662885,0.0000000000
65,1,-0.0350530225,0.2865231454,0.0909090909
65,2,-0.0345891418,0.2859564031,0.1818181818
65,3,-0.0329614155,0.2876303198,0.2727272727
65,4,-0.0314113109,0.2893772039,0.3636363636
65,5,-0.0298961403,0.2911539524,0.4545454545
65,6,-0.0284115891,0.2929568767,0.5454545455
65,7,-0.0269927069,0.2948114013,0.6363636364
65,8,-0.0256179295,0.2966989558,0.7272727273
65,9,-0.0242607523,0.2985993334,0.8181818182
65,10,-0.0227855988,0.3004081579,0.9090909091
65,11,-0.0211642286,0.3020889412,1.0000000000
66,0,0.0248653825,0.0879662134,0.0000000000
66,1,0.0271905091,0.0878398482,0.1000000000
66,2,0.0294572714,0.0873173693,0.2000000000
66,3,0.0316771702,0.0866081258,0.3000000000
66,4,0.0339119759,0.0859496309,0.4000000000
66,5,0.0361711967,0.0853805059,0.5000000000
66,6,0.0383446617,0.0845455464,0.6000000000
66,7,0.0405055085,0.0836741094,0.7000000000
66,8,0.0426850400,0.0828500151,0.8000000000
66,9,0.0448325222,0.0819454247,0.9000000000
66,10,0.0470674540,0.0813072974,1.0000000000
67,0,0.1485551229,0.0705449378,0.0000000000
67,1,0.1492035556,0.0683879330,0.1000000000
67,2,0.1495012101,0.0661569293,0.2000000000
67,3,0.1497908053,0.0639243707,0.3000000000
67,4,0.1503173946,0.0617332972,0.4000000000
67,5,0.1505880558,0.0594998454,0.5000000000
67,6,0.1506191870,0.0572461174,0.6000000000
67,7,0.1506146196,0.0549919748,0.7000000000
67,8,0.1505097314,0.0527418426,0.8000000000
67,9,0.1500620731,0.0505365011,0.9000000000
67,10,0.1495513881,0.0483428663,1.0000000000
68,0,0.0398814169,0.1410149126,0.0000000000
68,1,0.0398813620,0.1387736125,0.1000000000
68,2,0.0398752162,0.1365323318,0.2000000000
68,3,0.0397601388,0.1342956543,0.3000000000
68,4,0.0393094458,0.1321033226,0.4000000000
68,5,0.0388733949,0.1299082595,0.5000000000
68,6,0.0387676206,0.1276710082,0.6000000000
68,7,0.0387326754,0.1254301404,0.7000000000
68,8,0.0384725139,0.1232083063,0.8000000000
68,9,0.0379423587,0.1210312770,0.9000000000
68,10,0.0376540230,0.1188128411,1.0000000000
69,0,-0.1127060389,0.1689791884,0.0000000000
69,1,-0.1137686863,0.1670930121,0.1000000000
69,2,-0.1147103861,0.1651431784,0.2000000000
69,3,-0.1152943501,0.1630670515,0.3000000000
69,4,-0.1147754262,0.1610157734,0.4000000000
69,5,-0.1135244457,0.1592598627,0.5000000000
69,6,-0.1120509187,0.1576727914,0.6000000000
69,7,-0.1104940174,0.1561679272,0.7000000000
69,8,-0.1089340855,0.1546658102,0.8000000000
69,9,-0.1074004023,0.1531367931,0.9000000000
69,10,-0.1059829103,0.1515014529,1.0000000000
70,0,-0.1272060499,-0.2715684479,0.0000000000
70,1,-0.1280406829,-0.2695763632,0.1000000000
70,2,-0.1288466850,-0.2675712419,0.2000000000
70,3,-0.1296556446,-0.2655676432,0.3000000000
70,4,-0.1300681962,-0.2634513141,0.4000000000
70,5,-0.1301380905,-0.2612919758,0.5000000000
70,6,-0.1301413491,-0.2591305768,0.6000000000
70,7,-0.1301413795,-0.2569691695,0.7000000000
70,8,-0.1301413795,-0.2548077622,0.8000000000
70,9,-0.1301413795,-0.2526463548,0.9000000000
70,10,-0.1301413795,-0.2504849475,1.0000000000
71,0,-0.1140067741,-0.2755167610,0.0000000000
71,1,-0.1160524153,-0.2749244112,0.1000000000
71,2,-0.1179286696,-0.2739107143,0.2000000000
71,3,-0.1195960696,-0.2725773192,0.3000000000
71,4,-0.1211323683,-0.2710930719,0.4000000000
71,5,-0.1225095401,-0.2694613650,0.5000000000
71,6,-0.1236524149,-0.2676600500,0.6000000000
71,7,-0.1244691472,-0.2656870200,0.7000000000
71,8,-0.1251285330,-0.2636546852,0.8000000000
71,9,-0.1255616965,-0.2615663514,0.9000000000
71,10,-0.1256658455,-0.2594335157,1.0000000000
72,0,-0.0883338679,-0.0826992931,0.0000000000
72,1,-0.0874672697,-0.0847840457,0.1111111111
72,2,-0.0867004624,-0.0869083261,0.2222222222
72,3,-0.0862900527,-0.0891198006,0.3333333333
72,4,-0.0862841724,-0.0913729515,0.4444444444
72,5,-0.0864623753,-0.0936244875,0.5555555556
72,6,-0.0867603672,-0.0958641478,0.6666666667
72,7,-0.0870770859,-0.0981011929,0.7777777778
72,8,-0.0873876652,-0.1003390096,0.8888888889
72,9,-0.0876162839,-0.1025862374,1.0000000000
73,0,0.0510171168,0.1365406285,0.0000000000
73,1,0.0505060073,0.1343454695,0.1111111111
73,2,0.0500577515,0.1321385912,0.2222222222
73,3,0.0499230390,0.1298877970,0.3333333333
73,4,0.0496520066,0.1276524524,0.4444444444
73,5,0.0491256926,0.1254596973,0.5555555556
73,6,0.0488599872,0.1232239955,0.6666666667
73,7,0.0488008967,0.1209691629,0.7777777778
73,8,0.0485318986,0.1187343926,0.8888888889
73,9,0.0478837303,0.1165756991,1.0000000000
74,0,-0.0792593439,-0.1022163543,0.0000000000
74,1,-0.0787555872,-0.1043082068,0.1111111111
74,2,-0.0784138683,-0.1064330495,0.2222222222
74,3,-0.0780704803,-0.1085576223,0.3333333333
74,4,-0.0777253293,-0.1106819102,0.4444444444
74,5,-0.0772742299,-0.1127837333,0.5555555556
74,6,-0.0767275931,-0.1148652992,0.6666666667
74,7,-0.0759253348,-0.1168558013,0.7777777778
74,8,-0.0749114170,-0.1187470635,0.8888888889
74,9,-0.0736634218,-0.1204988496,1.0000000000
75,0,-0.1390899478,-0.2471292344,0.0000000000
75,1,-0.1390899922,-0.2492590957,0.1111111111
75,2,-0.1390949550,-0.2513889407,0.2222222222
75,3,-0.1391849145,-0.2535154544,0.3333333333
75,4,-0.1396074544,-0.2555984599,0.4444444444
75,5,-0.1403412403,-0.2575965865,0.5555555556
75,6,-0.1410323169,-0.2596087664,0.6666666667
75,7,-0.1412976258,-0.2617163125,0.7777777778
75,8,-0.1413264338,-0.2638457318,0.8888888889
75,9,-0.1413270898,-0.2659755928,1.0000000000
76,0,-0.1711264505,-0.2716863569,0.0000000000
76,1,-0.1724974874,-0.2716506127,0.1250000000
76,2,-0.1740697742,-0.2699038051,0.2500000000
76,3,-0.1748146230,-0.2677077008,0.3750000000
76,4,-0.1745576757,-0.2653713652,0.5000000000
76,5,-0.1740069508,-0.2630640341,0.6250000000
76,6,-0.1737582401,-0.2607063922,0.7500000000
76,7,-0.1734933269,-0.2583516592,0.8750000000
76,8,-0.1728193949,-0.2560778026,1.0000000000
77,0,-0.1294332442,0.1443715239,0.0000000000
77,1,-0.1300366655,0.1421593468,0.1250000000
77,2,-0.1296364504,0.1443313719,0.2500000000
77,3,-0.1293689174,0.1466226753,0.3750000000
77,4,-0.1291610930,0.1489201321,0.5000000000
77,5,-0.1290381653,0.1512236331,0.6250000000
77,6,-0.1288920329,0.1535246172,0.7500000000
77,7,-0.1282976703,0.1557441122,0.8750000000
77,8,-0.1272462124,0.1577934781,1.0000000000
78,0,-0.1705758478,-0.2814971105,0.0000000000
78,1,-0.1683069078,-0.2818555260,0.1250000000
78,2,-0.1660312269,-0.2821671659,0.2500000000
78,3,-0.1637530777,-0.2824609213,0.3750000000
78,4,-0.1614645992,-0.2826594586,0.5000000000
78,5,-0.1591749527,-0.2828412250,0.6250000000
78,6,-0.1568810470,-0.2829618381,0.7500000000
78,7,-0.1545875059,-0.2830891138,0.8750000000
78,8,-0.1522982403,-0.2832733126,1.0000000000
79,0,-0.1898940801,-0.0722598855,0.0000000000
79,1,-0.1878075940,-0.0718408802,0.1250000000
79,2,-0.1857894577,-0.0711463178,0.2500000000
79,3,-0.1838350886,-0.0702953396,0.3750000000
79,4,-0.1819065742,-0.0693809418,0.5000000000
79,5,-0.1800672942,-0.0683047762,0.6250000000
79,6,-0.1782651589,-0.0671612730,0.7500000000
79,7,-0.1767482906,-0.0656606766,0.8750000000
79,8,-0.1760190405,-0.0636896356,1.0000000000
80,0,-0.1118363071,-0.0826890942,0.0000000000
80,1,-0.1119207322,-0.0832051493,0.1428571429
80,2,-0.1127933632,-0.0811009628,0.2857142857
80,3,-0.1135646947,-0.0789566407,0.4285714286
80,4,-0.1142111603,-0.0767719695,0.5714285714
80,5,-0.1146351230,-0.0745327781,0.7142857143
80,6,-0.1154215928,-0.0724041768,0.8571428571
80,7,-0.1164962005,-0.0703950118,1.0000000000
81,0,0.0520132821,0.2765313562,0.0000000000
81,1,0.0513348250,0.2786963242,0.1428571429
81,2,0.0508093420,0.2809039643,0.2857142857
81,3,0.0502260244,0.2830971183,0.4285714286
81,4,0.0497090198,0.2853068415,0.5714285714
81,5,0.0491490538,0.2875057873,0.7142857143
81,6,0.0488629011,0.2897528368,0.8571428571
81,7,0.0488300849,0.2920220015,1.0000000000
82,0,-0.0702131549,0.1590715502,0.0000000000
82,1,-0.0685705009,0.1605434978,0.1428571429
82,2,-0.0667551043,0.1617936019,0.2857142857
82,3,-0.0648182366,0.1628481848,0.4285714286
82,4,-0.0628422658,0.1638292610,0.5714285714
82,5,-0.0608290628,0.1647307108,0.7142857143
82,6,-0.0587999529,0.1655949097,0.8571428571
82,7,-0.0569596517,0.1668019046,1.0000000000
83,0,-0.1843998960,-0.1678107121,0.0000000000
83,1,-0.1825740517,-0.1690139964,0.1428571429
83,2,-0.1806412779,-0.1700432774,0.2857142857
83,3,-0.1786738060,-0.1710040844,0.4285714286
83,4,-0.1767039992,-0.1719603923,0.5714285714
83,5,-0.1747572594,-0.1729630080,0.7142857143
83,6,-0.1728672013,-0.1740646773,0.8571428571
83,7,-0.1711000180,-0.1753518432,1.0000000000
84,0,-0.1204030799,-0.0873080511,0.0000000000
84,1,-0.1218315934,-0.0857245420,0.1428571429
84,2,-0.1231244855,-0.0840310984,0.2857142857
84,3,-0.1241259523,-0.0821571976,0.4285714286
84,4,-0.1247272501,-0.0801179412,0.5714285714
84,5,-0.1250327538,-0.0780091090,0.7142857143
84,6,-0.1250768364,-0.0758787085,0.8571428571
84,7,-0.1247110925,-0.0737799693,1.0000000000
85,0,-0.1681726947,-0.1688296616,0.0000000000
85,1,-0.1681461135,-0.1712264145,0.1666666667
85,2,-0.1680353408,-0.1736207267,0.3333333333
85,3,-0.1679193023,-0.1760147276,0.5000000000
85,4,-0.1678949439,-0.1784108960,0.6666666667
85,5,-0.1680101239,-0.1808045355,0.8333333333
85,6,-0.1681642963,-0.1831963370,1.0000000000
86,0,-0.1301413795,-0.0812584641,0.0000000000
86,1,-0.1301413795,-0.0788886032,0.1666666667
86,2,-0.1301413795,-0.0765187423,0.3333333333
86,3,-0.1301413795,-0.0741488814,0.5000000000
86,4,-0.1301413795,-0.0717790205,0.6666666667
86,5,-0.1301413795,-0.0694091596,0.8333333333
86,6,-0.1301413795,-0.0670392987,1.0000000000
87,0,-0.1377379522,-0.2739748393,0.0000000000
87,1,-0.1363772043,-0.2758826301,0.1666666667
87,2,-0.1347097575,-0.2775359548,0.3333333333
87,3,-0.1328388998,-0.2789555278,0.5000000000
87,4,-0.1308464434,-0.2801981208,0.6666666667
87,5,-0.1286518195,-0.2809958765,0.8333333333
87,6,-0.1263110554,-0.2811596265,1.0000000000
88,0,-0.1551507296,-0.2616706577,0.0000000000
88,1,-0.1554561765,-0.2639485495,0.1666666667
88,2,-0.1549934854,-0.2662336856,0.3333333333
88,3,-0.1546262861,-0.2685378627,0.5000000000
88,4,-0.1539821500,-0.2707745359,0.6666666667
88,5,-0.1529947951,-0.2728879384,0.8333333333
88,6,-0.1518560249,-0.2749241610,1.0000000000
89,0,-0.2235767246,0.2631085039,0.0000000000
89,1,-0.2249617087,0.2648923686,0.1666666667
89,2,-0.2262944591,0.2667163611,0.3333333333
89,3,-0.2276692018,0.2685089395,0.5000000000
89,4,-0.2289755015,0.2703517322,0.6666666667
89,5,-0.2302314737,0.2722295759,0.8333333333
89,6,-0.2314609493,0.2741248651,1.0000000000
90,0,0.0376442748,0.2998519988,0.0000000000
90,1,0.0376450179,0.2976000796,0.1666666667
90,2,0.0376782273,0.2953486289,0.3333333333
90,3,0.0379591654,0.2931187505,0.5000000000
90,4,0.0385142507,0.2909368661,0.6666666667
90,5,0.0390350126,0.2887463156,0.8333333333
90,6,0.0397090008,0.2865984955,1.0000000000
91,0,-0.1489847708,-0.0715135828,0.0000000000
91,1,-0.1483480771,-0.0736088368,0.1666666667
91,2,-0.1485477363,-0.0738384336,0.3333333333
91,3,-0.1490445142,-0.0717047104,0.5000000000
91,4,-0.1494768960,-0.0695564044,0.6666666667
91,5,-0.1498514966,-0.0673972230,0.8333333333
91,6,-0.1501756373,-0.0652300544,1.0000000000
92,0,-0.0927538248,-0.2603827377,0.0000000000
92,1,-0.0944654125,-0.2586586919,0.2000000000
92,2,-0.0961155736,-0.2568765028,0.4000000000
92,3,-0.0975386201,-0.2549134537,0.6000000000
92,4,-0.0985849751,-0.2527257049,0.8000000000
92,5,-0.0995195782,-0.2504849475,1.0000000000
93,0,-0.1659357522,-0.0670385003,0.0000000000
93,1,-0.1659885584,-0.0693405895,0.2000000000
93,2,-0.1664911863,-0.0672228325,0.4000000000
93,3,-0.1667762441,-0.0649353430,0.6000000000
93,4,-0.1669769888,-0.0626389647,0.8000000000
93,5,-0.1670529736,-0.0603351724,1.0000000000
94,0,-0.0328269499,0.3011399188,0.0000000000
94,1,-0.0329427159,0.3033796223,0.2000000000
94,2,-0.0333968412,0.3055745774,0.4000000000
94,3,-0.0338393030,0.3077718929,0.6000000000
94,4,-0.0340545444,0.3100053618,0.8000000000
94,5,-0.0346523065,0.3121562801,1.0000000000
95,0,-0.2146781667,0.2382775148,0.0000000000
95,1,-0.2167152617,0.2392023398,0.2000000000
95,2,-0.2186873475,0.2402554295,0.4000000000
95,3,-0.2205725787,0.2414611255,0.6000000000
95,4,-0.2224873741,0.2426174378,0.8000000000
95,5,-0.2245759569,0.2433889780,1.0000000000
96,0,-0.1887176086,-0.2571963736,0.0000000000
96,1,-0.1893077910,-0.2593264973,0.2000000000
96,2,-0.1894198247,-0.2615445995,0.4000000000
96,3,-0.1894255892,-0.2637672993,0.6000000000
96,4,-0.1894256441,-0.2659900171,0.8000000000
96,5,-0.1894256441,-0.2682127349,1.0000000000
97,0,-0.0511961975,-0.2509608084,0.0000000000
97,1,-0.0489794522,-0.2510623269,0.2000000000
97,2,-0.0467872708,-0.2514054156,0.4000000000
97,3,-0.0446085047,-0.2518313955,0.6000000000
97,4,-0.0424011000,-0.2520481934,0.8000000000
97,5,-0.0401811860,-0.2520780297,1.0000000000
98,0,-0.2256932780,0.1485412654,0.0000000000
98,1,-0.2237129149,0.1490361924,0.2000000000
98,2,-0.2216846844,0.1488970861,0.4000000000
98,3,-0.2197468072,0.1482462402,0.6000000000
98,4,-0.2178163671,0.1475691133,0.8000000000
98,5,-0.2157979877,0.1472627259,1.0000000000
99,0,-0.1794085152,-0.2726870190,0.0000000000
99,1,-0.1799858869,-0.2702538590,0.2500000000
99,2,-0.1804209785,-0.2677937262,0.5000000000
99,3,-0.1804760628,-0.2652920223,0.7500000000
99,4,-0.1804770758,-0.2627892288,1.0000000000
100,0,-0.1334311895,-0.0836080050,0.0000000000
100,1,-0.1338200263,-0.0811524201,0.2500000000
100,2,-0.1342557538,-0.0787041237,0.5000000000
100,3,-0.1345522196,-0.0762365722,0.7500000000
100,4,-0.1346154640,-0.0737512239,1.0000000000
101,0,-0.0692028247,-0.1147273174,0.0000000000
101,1,-0.0705763588,-0.1166370633,0.2500000000
101,2,-0.0708961938,-0.1190188068,0.5000000000
101,3,-0.0712395997,-0.1214022299,0.7500000000
101,4,-0.0718033698,-0.1237447559,1.0000000000
102,0,0.0975724994,0.2208537394,0.0000000000
102,1,0.0995580754,0.2196786911,0.2500000000
102,2,0.1014680485,0.2183814133,0.5000000000
102,3,0.1033120600,0.2169918759,0.7500000000
102,4,0.1052331475,0.2157167352,1.0000000000
103,0,-0.1502744081,-0.2650263708,0.0000000000
103,1,-0.1501549608,-0.2672916202,0.2500000000
103,2,-0.1496602189,-0.2695027990,0.5000000000
103,3,-0.1489614269,-0.2716626562,0.7500000000
103,4,-0.1482120821,-0.2738055900,1.0000000000
104,0,-0.1532679682,-0.0651467892,0.0000000000
104,1,-0.1544415852,-0.0670705243,0.2500000000
104,2,-0.1553610172,-0.0691251970,0.5000000000
104,3,-0.1558027925,-0.0713277997,0.7500000000
104,4,-0.1558683136,-0.0735811762,1.0000000000
105,0,-0.0982966695,-0.2626198797,0.0000000000
105,1,-0.0996614950,-0.2608443357,0.2500000000
105,2,-0.1008919911,-0.2589721667,0.5000000000
105,3,-0.1019481724,-0.2569987724,0.7500000000
105,4,-0.1028741412,-0.2549592316,1.0000000000
106,0,-0.1379710773,-0.0737498267,0.0000000000
106,1,-0.1378377134,-0.0759094116,0.2500000000
106,2,-0.1366662238,-0.0744172271,0.5000000000
106,3,-0.1358532881,-0.0724062624,0.7500000000
106,4,-0.1351326124,-0.0703604381,1.0000000000
107,0,-0.0290453863,0.1628604620,0.0000000000
107,1,-0.0310472386,0.1624529634,0.2500000000
107,2,-0.0329852063,0.1618051373,0.5000000000
107,3,-0.0348644842,0.1610026105,0.7500000000
107,4,-0.0366547742,0.1600178050,1.0000000000
108,0,-0.0690920841,-0.1296195178,0.0000000000
108,1,-0.0674035672,-0.1307140610,0.2500000000
108,2,-0.0655265892,-0.1314467747,0.5000000000
108,3,-0.0636289451,-0.1321272626,0.7500000000
108,4,-0.0617785683,-0.1329253989,1.0000000000
109,0,-0.0862078445,-0.2512812605,0.0000000000
109,1,-0.0867959491,-0.2494138022,0.2500000000
109,2,-0.0875169725,-0.2475624343,0.5000000000
109,3,-0.0882102583,-0.2457005980,0.7500000000
109,4,-0.0887017412,-0.2437783213,1.0000000000
110,0,-0.1840051052,-0.2715684479,0.0000000000
110,1,-0.1847266785,-0.2690805651,0.3333333333
110,2,-0.1849426439,-0.2665007847,0.6666666667
110,3,-0.1849513599,-0.2639077998,1.0000000000
111,0,0.1544473056,0.4251319540,0.0000000000
111,1,0.1557822557,0.4231980777,0.3333333333
111,2,0.1572904105,0.4213966815,0.6666666667
111,3,0.1589258068,0.4197084479,1.0000000000
112,0,-0.1077199486,-0.0771064380,0.0000000000
112,1,-0.1072185871,-0.0792658929,0.3333333333
112,2,-0.1067655664,-0.0814343569,0.6666666667
112,3,-0.1066526378,-0.0836485151,1.0000000000
113,0,-0.1167185272,-0.0881227992,0.0000000000
113,1,-0.1167128271,-0.0859097096,0.3333333333
113,2,-0.1165996540,-0.0837012876,0.6666666667
113,3,-0.1160104917,-0.0815807221,1.0000000000
114,0,-0.1274296265,-0.1666561957,0.0000000000
114,1,-0.1295501920,-0.1660670334,0.3333333333
114,2,-0.1317586140,-0.1659538603,0.6666666667
114,3,-0.1339717036,-0.1659481602,1.0000000000
115,0,-0.2019633499,0.1434201539,0.0000000000
115,1,-0.2032459113,0.1451896741,0.3333333333
115,2,-0.2048754504,0.1466523869,0.6666666667
115,3,-0.2066789203,0.1478986551,1.0000000000
116,0,-0.1611089634,-0.1710663046,0.0000000000
116,1,-0.1626080092,-0.1724091731,0.3333333333
116,2,-0.1640023131,-0.1738600692,0.6666666667
116,3,-0.1653320544,-0.1753714393,1.0000000000
117,0,-0.0122168105,0.1595546594,0.0000000000
117,1,-0.0141515429,0.1594529848,0.3333333333
117,2,-0.0160175823,0.1589560335,0.6666666667
117,3,-0.0176403166,0.1579017189,1.0000000000
118,0,-0.1010072725,0.1523699720,0.0000000000
118,1,-0.1005138710,0.1542350652,0.3333333333
118,2,-0.0997585860,0.1560142113,0.6666666667
118,3,-0.0990034551,0.1577934781,1.0000000000
119,0,-0.1181817307,0.1477625321,0.0000000000
119,1,-0.1189131438,0.1495085445,0.3333333333
119,2,-0.1195131509,0.1513040470,0.6666666667
119,3,-0.1199742195,0.1531399984,1.0000000000
120,0,-0.2212171769,-0.1453170750,0.0000000000
120,1,-0.2223281554,-0.1465291844,0.3333333333
120,2,-0.2238981830,-0.1465347276,0.6666666667
120,3,-0.2249877424,-0.1453170750,1.0000000000
121,0,0.1998968325,0.4083534884,0.0000000000
121,1,0.2003679141,0.4068453028,0.3333333333
121,2,0.2010988263,0.4054413465,0.6666666667
121,3,0.2018518894,0.4040483537,1.0000000000
122,0,-0.1560505776,-0.0558534886,0.0000000000
122,1,-0.1566586705,-0.0572955743,0.3333333333
122,2,-0.1573154979,-0.0587165376,0.6666666667
122,3,-0.1579235908,-0.0601586233,1.0000000000
123,0,-0.0198633936,0.2920221013,0.0000000000
123,1,-0.0206163389,0.2906604835,0.3333333333
123,2,-0.0212190797,0.2892269672,0.6666666667
123,3,-0.0215887294,0.2877169667,1.0000000000
124,0,-0.1435544837,-0.0726320541,0.0000000000
124,1,-0.1434148052,-0.0741000784,0.3333333333
124,2,-0.1430771459,-0.0755348712,0.6666666667
124,3,-0.1426179771,-0.0769371887,1.0000000000
125,0,-0.0820428253,-0.1028334718,0.0000000000
125,1,-0.0820428253,-0.1042685167,0.3333333333
125,2,-0.0820428253,-0.1057035616,0.6666666667
125,3,-0.0820428253,-0.1071386065,1.0000000000
126,0,-0.1636985104,-0.2715685477,0.0000000000
126,1,-0.1636985104,-0.2701335029,0.3333333333
126,2,-0.1636985104,-0.2686984580,0.6666666667
126,3,-0.1636985104,-0.2672634131,1.0000000000
127,0,-0.1866527828,-0.1650629139,0.0000000000
127,1,-0.1876163449,-0.1660298747,0.3333333333
127,2,-0.1881264732,-0.1672967731,0.6666666667
127,3,-0.1882960750,-0.1686612630,1.0000000000
128,0,-0.1807104005,-0.0602208816,0.0000000000
128,1,-0.1816876942,-0.0592906409,0.3333333333
128,2,-0.1829900339,-0.0589832657,0.6666666667
128,3,-0.1843087496,-0.0592843750,1.0000000000
129,0,-0.1531554104,-0.1653152981,0.0000000000
129,1,-0.1541519511,-0.1643997207,0.3333333333
129,2,-0.1552041249,-0.1635498723,0.6666666667
129,3,-0.1563444739,-0.1628245219,1.0000000000
130,0,0.2339868048,0.3882204597,0.0000000000
130,1,0.2348025846,0.3871955619,0.3333333333
130,2,0.2355561641,0.3861239475,0.6666666667
130,3,0.2362796239,0.3850313963,1.0000000000
131,0,-0.1938999282,-0.2648583715,0.0000000000
131,1,-0.1938999282,-0.2637953503,0.3333333333
131,2,-0.1938999282,-0.2627323292,0.6666666667
131,3,-0.1938999282,-0.2616693080,1.0000000000
132,0,-0.1592242263,-0.2693326556,0.0000000000
132,1,-0.1592242263,-0.2682696345,0.3333333333
132,2,-0.1592242263,-0.2672066133,0.6666666667
132,3,-0.1592242263,-0.2661435922,1.0000000000
133,0,0.1544613707,0.0474765796,0.0000000000
133,1,0.1537240952,0.0470611974,0.3333333333
133,2,0.1530279938,0.0465791847,0.6666666667
133,3,0.1523713819,0.0460446160,1.0000000000
134,0,-0.0964119324,0.1545960162,0.0000000000
134,1,-0.0961582451,0.1552942808,0.3333333333
134,2,-0.0958916812,0.1559877403,0.6666666667
134,3,-0.0956379939,0.1566860049,1.0000000000
135,0,-0.1374856679,-0.1685958379,0.0000000000
135,1,-0.1381547677,-0.1688967466,0.3333333333
135,2,-0.1388560388,-0.1691125988,0.6666666667
135,3,-0.1395756566,-0.1692538630,1.0000000000
136,0,-0.1647670710,-0.1676995935,0.0000000000
136,1,-0.1646258069,-0.1684192112,0.3333333333
136,2,-0.1644099547,-0.1691204823,0.6666666667
136,3,-0.1641090459,-0.1697895822,1.0000000000
137,0,-0.1632879748,0.0997860358,0.0000000000
137,1,-0.1629870661,0.1004551356,0.3333333333
137,2,-0.1627712139,0.1011564067,0.6666666667
137,3,-0.1626299497,0.1018760245,1.0000000000
138,0,-0.1263751309,0.1443817236,0.0000000000
138,1,-0.1260742221,0.1437126238,0.3333333333
138,2,-0.1258583700,0.1430113526,0.6666666667
138,3,-0.1257171058,0.1422917349,1.0000000000
139,0,-0.1979636767,-0.2603938355,0.0000000000
139,1,-0.1976627680,-0.2597247357,0.3333333333
139,2,-0.1974469158,-0.2590234646,0.6666666667
139,3,-0.1973056516,-0.2583038468,1.0000000000
